N,P,K,temperature,humidity,ph,rainfall,soil_moisture,label
74,50,44,22.0,79.4,6.7,199.6,59,maize
39,49,55,28.1,55.4,6.1,116.2,33,millet
59,47,42,27.3,67.5,6.6,153.0,58,cotton
65,37,65,29.8,75.7,7.0,148.4,60,groundnut
37,52,50,29.8,56.1,6.0,93.3,27,millet
36,51,52,29.5,51.6,6.2,97.0,30,millet
39,55,45,28.8,51.1,6.2,97.0,26,millet
59,48,47,27.3,61.7,6.7,111.9,38,wheat
77,54,61,27.3,85.1,6.3,225.5,77,sugarcane
55,58,40,26.5,67.3,6.9,127.0,38,wheat
74,50,40,24.7,66.2,6.6,139.1,54,maize
39,47,45,28.9,57.4,6.4,92.7,30,millet
74,60,41,24.4,79.3,6.8,136.3,47,maize
41,54,46,31.1,50.6,6.3,105.2,32,millet
50,31,31,26.9,59.7,5.6,89.9,28,barley
43,48,52,28.7,50.3,6.0,89.0,30,millet
48,32,31,27.6,61.4,6.2,106.9,25,barley
77,47,54,25.7,81.9,6.3,240.0,72,sugarcane
50,44,46,27.9,73.5,6.7,131.8,60,cotton
69,53,64,29.6,81.4,6.8,252.2,75,sugarcane
72,54,42,23.3,60.3,6.9,139.0,45,maize
47,32,38,28.0,59.9,6.0,97.5,28,barley
86,59,39,24.0,72.8,6.7,174.2,60,maize
42,55,50,28.8,56.3,6.3,92.5,35,millet
69,54,58,25.2,84.0,6.3,205.0,72,sugarcane
72,41,60,28.4,87.4,6.8,223.9,71,sugarcane
90,48,48,21.9,77.4,6.4,194.7,68,rice
40,45,52,28.6,58.5,6.3,103.4,32,millet
39,48,48,28.4,56.6,6.2,112.6,27,millet
88,60,42,25.9,68.5,6.6,176.6,47,maize
74,47,51,26.9,71.8,6.2,221.2,75,sugarcane
54,45,48,30.9,66.1,6.2,150.0,57,cotton
71,55,41,25.6,61.9,6.6,152.5,48,maize
83,57,52,21.8,78.4,6.1,205.9,77,rice
56,48,50,29.9,66.6,6.2,129.8,58,cotton
83,60,44,21.9,79.0,6.6,193.5,63,rice
74,40,65,28.3,75.9,6.7,146.3,60,groundnut
90,41,41,21.8,78.9,6.5,239.0,75,rice
94,56,60,21.6,77.6,6.0,193.2,73,rice
88,55,40,25.9,69.7,7.0,124.9,60,maize
65,45,53,25.7,86.7,6.8,280.3,76,sugarcane
69,31,55,29.6,71.2,6.9,146.5,58,groundnut
50,54,41,22.1,65.8,6.7,116.5,35,wheat
66,59,47,26.2,55.7,6.7,128.8,35,wheat
89,47,49,22.8,87.8,6.6,246.1,79,rice
71,46,53,29.0,75.6,6.6,278.9,80,sugarcane
56,46,44,27.4,66.2,6.8,169.6,59,cotton
36,47,48,31.5,56.8,6.3,93.1,25,millet
65,34,63,28.4,72.1,6.9,158.9,57,groundnut
75,49,56,25.6,88.6,6.4,284.1,70,sugarcane
55,50,43,25.7,60.8,7.1,107.1,45,wheat
24,27,21,24.8,84.1,6.1,217.6,74,pulses
52,48,42,30.8,72.9,6.3,144.0,53,cotton
28,34,24,22.4,88.1,5.8,186.8,79,pulses
68,51,61,28.4,86.1,6.3,218.8,85,sugarcane
70,55,43,21.0,69.9,6.9,127.5,47,maize
75,34,61,25.5,70.4,6.6,144.2,69,groundnut
30,31,30,23.8,82.0,5.8,180.9,80,pulses
66,31,60,26.3,72.7,6.6,162.1,70,groundnut
66,40,53,27.2,85.7,6.7,222.1,70,sugarcane
98,46,51,24.9,81.2,6.4,216.1,70,rice
53,45,50,28.2,69.0,6.3,159.4,51,cotton
37,52,47,28.8,53.3,6.2,92.3,35,millet
26,34,24,22.9,88.6,5.8,217.2,79,pulses
79,55,51,29.6,82.0,6.9,225.5,81,sugarcane
67,39,55,29.1,78.1,6.7,176.4,65,groundnut
39,51,53,28.5,58.2,6.4,95.1,27,millet
72,30,64,26.4,78.5,6.5,179.0,65,groundnut
46,37,39,28.8,58.6,5.5,86.7,30,barley
50,32,33,27.1,57.9,5.5,82.8,32,barley
56,46,44,27.2,71.7,6.5,179.7,51,cotton
87,56,42,22.8,78.5,7.0,172.1,56,maize
60,42,47,29.7,73.8,6.2,125.8,64,cotton
73,59,41,23.3,77.7,7.0,175.6,46,maize
65,45,41,24.6,62.5,6.8,116.4,37,wheat
56,40,47,31.2,66.5,6.4,136.6,59,cotton
88,54,36,23.7,70.2,6.7,175.6,46,maize
51,40,41,32.0,68.5,6.7,123.9,63,cotton
44,48,50,30.2,57.9,6.4,115.2,28,millet
55,43,48,29.2,69.8,6.6,152.1,53,cotton
53,33,31,26.3,56.6,6.1,90.4,27,barley
65,42,59,25.9,70.2,6.7,202.2,76,sugarcane
68,35,56,27.0,73.4,6.8,179.4,61,groundnut
40,45,48,29.7,57.1,6.4,104.1,27,millet
79,52,52,26.3,72.2,6.8,297.7,85,sugarcane
57,46,45,23.4,59.3,6.5,140.3,37,wheat
65,39,65,29.4,75.3,6.7,178.2,64,groundnut
52,56,40,26.6,58.9,6.9,116.7,35,wheat
66,45,56,25.1,76.6,6.7,272.6,77,sugarcane
85,55,36,23.5,76.8,6.7,153.2,52,maize
51,30,30,28.2,58.7,5.7,90.9,31,barley
87,51,58,23.7,86.3,6.6,230.1,64,rice
82,53,39,24.6,77.8,6.9,130.7,49,maize
77,52,35,23.3,74.8,7.0,152.8,55,maize
21,28,21,22.0,88.2,6.1,191.9,80,pulses
20,25,27,24.1,85.9,5.9,185.8,65,pulses
36,47,45,28.8,53.0,6.0,98.5,28,millet
72,34,61,27.6,75.7,6.9,143.0,67,groundnut
55,35,40,25.2,55.9,6.1,111.5,33,barley
54,54,41,25.0,59.0,7.0,106.9,41,wheat
56,44,40,29.1,72.1,6.6,139.3,53,cotton
51,35,30,27.0,59.0,5.5,88.1,35,barley
51,49,48,27.6,57.5,7.0,133.9,35,wheat
83,56,45,23.0,66.6,6.8,185.9,50,maize
71,52,35,24.1,66.5,6.7,180.7,50,maize
69,34,57,29.9,70.5,6.9,163.1,57,groundnut
35,50,50,29.3,60.0,6.0,80.0,27,millet
57,43,44,28.9,69.6,6.5,122.7,65,cotton
50,36,31,25.7,61.4,6.0,119.2,26,barley
98,43,44,21.2,85.9,6.7,232.2,71,rice
46,35,36,29.3,61.9,6.1,95.6,33,barley
53,39,31,28.5,62.7,6.1,90.9,29,barley
66,52,63,25.8,70.4,6.6,272.9,71,sugarcane
80,55,58,24.0,88.4,6.3,220.9,70,rice
64,53,44,25.6,55.7,7.0,116.7,41,wheat
51,40,40,31.1,68.1,6.4,136.9,59,cotton
48,39,30,25.7,64.2,6.0,111.9,26,barley
44,45,52,29.8,54.4,6.2,88.1,31,millet
52,55,48,25.1,67.7,6.7,148.6,42,wheat
46,31,30,25.3,62.8,5.6,108.1,31,barley
73,55,44,24.6,75.7,6.6,199.4,45,maize
80,47,50,26.1,74.0,6.4,262.1,79,sugarcane
86,59,39,25.4,73.1,6.7,130.6,48,maize
70,54,65,29.0,76.5,6.6,253.8,81,sugarcane
82,54,42,21.2,77.0,6.8,195.3,53,maize
79,53,52,26.9,78.5,6.4,289.5,70,sugarcane
68,53,57,27.9,71.6,6.8,242.1,75,sugarcane
44,48,48,31.0,57.4,6.3,80.6,25,millet
73,40,63,28.9,77.1,6.8,293.1,75,sugarcane
67,54,50,27.3,82.3,6.5,241.7,78,sugarcane
66,32,55,27.5,75.4,7.0,169.6,70,groundnut
68,45,54,26.5,87.6,6.7,226.9,74,sugarcane
67,33,58,28.4,73.9,6.6,144.0,69,groundnut
91,60,48,21.4,76.7,6.6,208.4,68,rice
70,43,57,27.1,78.1,6.7,249.8,80,sugarcane
54,39,31,28.5,63.2,5.7,101.8,34,barley
21,31,24,25.9,84.7,5.7,188.8,79,pulses
74,46,64,28.7,78.9,6.7,250.9,81,sugarcane
25,25,25,23.1,86.9,5.8,227.9,75,pulses
61,54,47,22.3,56.7,6.9,146.1,43,wheat
58,42,45,30.7,70.4,6.5,122.6,62,cotton
66,35,62,29.7,76.0,6.5,141.8,65,groundnut
55,40,45,30.9,70.0,6.5,161.2,58,cotton
59,47,42,30.1,73.6,6.8,121.8,55,cotton
66,46,49,25.1,60.0,7.1,104.9,42,wheat
72,40,58,29.4,76.1,6.6,179.3,60,groundnut
96,57,46,25.0,88.3,6.2,181.6,68,rice
86,58,36,24.6,68.0,6.7,194.7,49,maize
23,31,23,23.5,82.4,5.9,220.9,72,pulses
63,51,46,23.8,66.5,7.2,149.2,38,wheat
59,49,49,22.7,64.0,7.2,118.5,36,wheat
20,31,20,25.2,82.3,5.8,216.5,79,pulses
77,48,57,28.2,75.3,6.6,238.5,75,sugarcane
79,55,39,24.0,71.1,6.9,193.1,48,maize
43,50,48,28.1,50.3,6.3,99.2,31,millet
45,36,30,28.3,55.5,6.2,89.8,29,barley
80,59,41,25.0,65.3,6.6,141.3,59,maize
23,28,25,22.2,84.7,5.7,197.2,70,pulses
40,52,50,28.6,54.4,6.2,108.5,25,millet
80,60,45,22.2,68.6,6.6,178.7,57,maize
60,50,46,27.8,67.1,6.6,163.9,52,cotton
61,47,40,25.1,69.9,6.9,120.1,45,wheat
50,49,41,30.7,69.4,6.3,148.8,58,cotton
90,58,40,21.1,78.7,6.2,214.3,67,rice
42,45,46,31.3,59.8,6.1,87.4,27,millet
58,46,50,31.3,74.5,6.6,170.5,59,cotton
65,50,48,26.2,55.4,6.7,130.4,36,wheat
58,50,46,28.1,73.7,6.7,151.8,50,cotton
89,45,50,23.7,89.5,6.3,218.8,70,rice
68,38,63,27.8,71.3,6.7,150.8,67,groundnut
60,43,46,31.6,74.5,6.7,124.9,65,cotton
25,31,21,22.3,81.0,5.6,229.4,73,pulses
23,28,29,24.2,83.7,5.7,182.5,65,pulses
81,59,43,22.6,61.7,6.5,122.9,49,maize
23,35,27,23.0,81.6,5.5,219.9,76,pulses
82,54,40,24.9,64.6,6.5,158.9,54,maize
20,31,27,25.6,86.8,5.5,203.3,78,pulses
90,60,41,24.1,83.0,6.2,184.1,76,rice
39,47,55,30.5,56.4,6.2,99.1,26,millet
23,30,28,24.6,88.2,5.7,222.8,80,pulses
39,55,47,31.0,54.2,6.4,95.6,29,millet
74,52,42,23.1,65.9,6.5,150.0,55,maize
70,38,58,29.3,72.1,6.6,143.1,69,groundnut
23,28,27,23.4,88.5,5.8,182.3,79,pulses
65,35,59,27.5,75.3,6.8,172.3,57,groundnut
100,47,49,22.0,85.0,6.4,202.1,71,rice
50,33,30,26.7,57.8,5.9,89.4,27,barley
43,49,50,29.1,52.5,6.0,94.8,28,millet
71,44,60,27.5,78.0,6.8,211.3,70,sugarcane
65,36,63,26.4,73.7,7.0,158.7,57,groundnut
97,42,58,22.1,89.4,6.3,245.7,76,rice
56,57,49,27.0,64.9,6.5,109.4,37,wheat
95,51,52,22.8,82.4,6.2,244.7,64,rice
69,57,50,25.2,60.1,7.0,124.5,43,wheat
66,34,59,26.2,72.0,6.9,172.9,66,groundnut
85,41,53,20.9,89.0,6.3,219.8,68,rice
72,30,57,25.6,71.9,6.8,150.4,67,groundnut
69,48,48,25.4,66.2,6.9,103.0,36,wheat
86,57,47,20.8,84.8,6.1,242.4,72,rice
58,52,50,27.1,60.7,6.6,147.3,37,wheat
54,50,41,30.0,72.0,6.6,142.8,51,cotton
53,42,48,28.8,68.2,6.3,172.7,62,cotton
74,52,58,27.0,76.7,6.6,278.6,85,sugarcane
65,47,40,24.9,69.7,7.2,137.4,37,wheat
83,45,59,23.4,83.9,6.0,189.8,74,rice
65,46,48,27.8,62.2,7.0,145.1,37,wheat
54,48,40,30.5,74.2,6.5,126.4,58,cotton
52,34,39,28.4,60.6,5.8,92.5,25,barley
80,58,58,24.3,84.5,6.6,226.0,79,rice
78,48,53,29.3,71.1,6.9,262.2,72,sugarcane
22,27,20,22.7,86.1,5.6,207.5,65,pulses
74,59,43,25.1,62.3,6.6,125.9,54,maize
70,35,63,27.0,78.6,6.8,170.4,56,groundnut
27,30,20,22.8,88.9,6.0,232.6,67,pulses
69,31,56,28.1,77.8,6.8,173.6,55,groundnut
63,47,49,24.6,65.6,6.7,117.8,38,wheat
53,31,36,25.2,61.1,6.1,83.7,30,barley
75,35,55,27.8,77.0,6.5,155.5,57,groundnut
46,33,31,27.5,55.1,6.1,117.9,29,barley
48,32,36,25.4,59.4,6.1,117.9,34,barley
65,50,58,25.9,76.3,6.6,295.1,82,sugarcane
73,38,64,27.0,75.3,7.0,170.5,58,groundnut
24,34,27,23.6,84.6,5.7,249.4,76,pulses
71,59,35,24.3,75.1,7.0,149.0,47,maize
36,48,50,30.5,51.6,6.1,102.2,35,millet
45,37,40,27.9,62.3,5.8,90.8,25,barley
35,45,53,31.8,56.1,6.3,119.6,28,millet
66,49,40,23.2,56.0,6.5,103.3,35,wheat
51,38,30,29.2,59.3,6.0,106.4,30,barley
41,51,45,29.7,54.6,6.0,96.9,35,millet
60,45,42,29.0,72.9,6.3,157.0,63,cotton
52,37,31,29.1,63.2,5.8,108.2,30,barley
49,30,39,25.0,61.0,5.7,90.0,34,barley
99,58,60,23.0,82.4,6.6,193.2,63,rice
80,60,55,24.4,79.7,6.1,244.1,78,rice
29,30,23,23.5,85.0,5.7,245.2,75,pulses
77,52,59,28.6,79.8,6.9,259.8,74,sugarcane
81,46,54,22.4,85.3,6.5,182.5,78,rice
69,36,61,26.7,79.0,6.9,170.4,69,groundnut
41,51,45,31.8,59.6,6.3,110.3,35,millet
66,47,60,28.0,85.9,6.7,267.8,85,sugarcane
92,54,56,24.3,86.5,6.1,198.5,60,rice
39,51,50,28.7,53.4,6.0,110.4,25,millet
75,55,37,25.5,70.0,6.9,183.4,53,maize
45,46,52,31.5,53.2,6.1,92.0,33,millet
98,43,44,24.6,84.1,6.2,238.7,63,rice
72,31,60,29.1,71.6,7.0,140.7,65,groundnut
74,55,35,25.6,66.5,6.5,146.4,52,maize
88,50,56,22.0,83.4,6.5,212.0,69,rice
41,46,47,28.3,51.1,6.4,111.7,32,millet
69,40,55,27.9,83.8,6.3,201.5,80,sugarcane
66,45,48,27.9,59.6,7.2,145.9,43,wheat
69,34,62,27.6,74.8,6.9,164.0,64,groundnut
65,58,42,26.3,62.9,6.7,124.9,36,wheat
52,48,41,24.8,69.9,6.8,146.3,45,wheat
25,26,29,25.7,89.5,5.7,245.2,75,pulses
38,49,54,31.7,56.6,6.1,86.3,25,millet
70,57,44,22.0,75.4,6.6,163.6,45,maize
60,48,45,28.7,67.4,6.4,148.0,51,cotton
55,34,40,27.4,63.9,5.7,95.3,28,barley
53,39,36,26.9,62.2,5.6,89.6,34,barley
22,31,27,23.6,82.8,5.9,228.0,73,pulses
76,42,61,25.2,82.6,6.5,262.2,81,sugarcane
74,32,57,29.1,77.6,6.6,151.4,61,groundnut
67,40,57,25.1,81.7,6.7,277.3,83,sugarcane
41,48,53,30.5,55.0,6.2,88.5,32,millet
27,32,20,23.9,89.2,6.1,201.3,69,pulses
53,30,39,26.0,59.2,6.1,117.3,28,barley
87,52,58,24.7,77.4,6.5,219.1,65,rice
41,55,45,29.8,58.8,6.5,101.6,31,millet
67,37,61,27.4,76.6,7.0,179.3,65,groundnut
57,57,49,22.2,56.0,7.0,137.7,44,wheat
65,52,61,28.8,78.2,6.6,220.4,85,sugarcane
69,45,58,29.7,81.0,6.6,291.2,82,sugarcane
99,46,51,20.6,84.1,6.1,207.4,80,rice
54,36,31,26.6,58.6,5.8,111.1,33,barley
44,54,53,29.8,53.4,6.4,85.9,27,millet
38,49,48,30.4,57.0,6.0,105.0,29,millet
30,27,28,24.9,80.6,6.0,208.0,67,pulses
60,58,47,22.1,69.4,7.1,130.3,45,wheat
51,35,31,29.1,58.5,6.2,90.0,34,barley
28,33,29,25.2,84.8,6.2,203.6,68,pulses
93,41,60,24.0,79.6,6.2,185.2,68,rice
67,40,55,26.4,76.6,6.9,153.9,64,groundnut
50,49,50,28.5,67.3,6.3,161.6,58,cotton
24,32,21,24.3,85.3,5.9,223.4,68,pulses
27,34,22,22.5,89.8,5.6,224.1,66,pulses
92,54,45,22.1,80.5,6.5,190.9,76,rice
57,50,50,22.4,67.1,7.0,114.4,41,wheat
59,46,42,30.0,72.6,6.5,169.7,53,cotton
72,51,61,28.3,77.2,6.7,296.6,72,sugarcane
46,30,33,29.1,62.0,6.2,82.5,29,barley
85,52,47,24.4,76.1,6.6,206.3,65,rice
30,33,20,23.5,88.8,5.7,233.5,79,pulses
44,49,45,31.4,52.0,6.3,113.7,32,millet
50,40,37,29.5,58.5,6.0,104.5,35,barley
27,34,24,22.5,83.5,5.6,244.5,67,pulses
45,48,52,29.7,58.3,6.1,90.7,32,millet
73,39,61,26.2,76.8,6.5,141.7,68,groundnut
37,50,49,28.7,51.3,6.3,89.7,25,millet
81,59,38,25.3,66.9,6.8,138.4,52,maize
75,40,57,26.4,83.5,6.3,268.1,83,sugarcane
90,57,55,24.5,84.2,6.7,218.2,76,rice
48,35,38,27.8,55.3,5.7,89.7,25,barley
39,52,53,31.9,53.5,6.4,113.1,29,millet
74,44,60,25.8,73.7,6.8,251.1,70,sugarcane
87,45,40,22.4,78.0,6.7,205.9,67,rice
68,48,49,26.0,66.1,6.7,107.6,39,wheat
46,39,34,27.9,63.0,6.1,84.4,25,barley
20,28,26,22.4,85.7,6.1,201.2,70,pulses
77,50,54,27.6,74.6,6.7,214.1,76,sugarcane
70,52,53,28.7,86.6,6.6,236.7,76,sugarcane
66,56,50,25.8,56.7,6.9,136.1,42,wheat
52,49,48,29.0,70.0,6.3,130.8,59,cotton
71,49,58,27.3,83.9,6.9,204.5,82,sugarcane
38,54,55,29.2,50.2,6.3,99.0,33,millet
53,57,40,24.1,59.0,7.2,148.1,38,wheat
60,53,50,26.5,62.6,7.1,148.8,42,wheat
51,36,35,29.5,57.3,6.2,94.2,30,barley
71,35,56,28.8,75.1,6.6,167.8,69,groundnut
46,36,30,25.6,59.3,6.1,92.2,34,barley
88,54,43,23.9,64.5,6.7,163.8,56,maize
54,36,34,27.2,57.9,5.7,97.4,32,barley
65,44,61,25.3,73.9,6.3,234.9,70,sugarcane
51,47,49,29.8,65.5,6.6,127.9,55,cotton
47,31,40,29.6,58.6,5.7,95.7,33,barley
37,48,54,30.3,52.7,6.3,86.5,25,millet
68,33,58,25.6,70.6,6.7,166.6,60,groundnut
54,33,37,25.8,56.8,5.8,89.0,33,barley
72,32,58,26.4,74.3,6.5,172.6,59,groundnut
66,48,61,25.2,82.1,6.9,201.9,85,sugarcane
89,60,42,25.8,69.0,7.0,164.6,56,maize
67,47,43,25.9,69.8,7.1,145.7,37,wheat
72,54,54,25.5,85.0,6.6,219.1,73,sugarcane
21,27,24,22.2,88.0,6.1,211.8,69,pulses
47,31,35,28.2,55.6,5.9,119.8,30,barley
72,52,43,21.1,67.9,6.6,142.7,59,maize
75,46,65,26.3,75.7,6.7,214.6,71,sugarcane
40,47,52,31.1,50.6,6.3,89.6,30,millet
99,52,41,20.8,85.7,6.0,238.9,74,rice
52,43,46,29.3,70.1,6.6,121.2,61,cotton
58,46,48,30.7,68.2,6.3,151.5,61,cotton
56,47,48,22.6,64.8,6.7,108.0,37,wheat
67,31,55,25.1,74.8,6.5,169.3,56,groundnut
68,40,54,25.2,88.2,6.3,274.2,82,sugarcane
43,52,50,28.3,52.4,6.2,84.4,29,millet
46,40,34,30.0,61.5,6.0,108.2,30,barley
65,38,63,27.5,78.4,6.5,146.3,59,groundnut
76,53,57,30.0,87.6,6.6,213.7,85,sugarcane
52,30,30,26.5,61.1,6.0,91.1,33,barley
70,45,64,27.9,78.5,6.9,234.3,84,sugarcane
29,33,24,24.1,80.5,6.0,221.9,75,pulses
91,51,52,20.8,83.0,6.4,194.9,79,rice
74,52,61,29.0,71.2,6.3,266.8,77,sugarcane
96,56,51,22.8,83.4,6.4,236.3,60,rice
48,37,33,27.0,62.2,5.6,97.5,29,barley
55,45,40,27.8,66.9,6.6,139.4,62,cotton
86,56,43,23.3,60.4,6.9,127.5,58,maize
71,38,61,28.3,79.9,6.6,178.7,55,groundnut
72,32,57,28.4,73.1,6.8,168.6,67,groundnut
87,50,45,24.6,74.4,7.0,198.0,54,maize
28,33,22,25.3,87.1,5.8,231.0,75,pulses
45,47,47,28.6,51.7,6.3,108.7,30,millet
42,45,55,30.1,51.5,6.2,81.3,25,millet
42,52,46,28.9,52.3,6.5,104.0,29,millet
85,48,44,22.4,83.8,6.6,242.8,67,rice
84,58,41,24.1,75.4,6.8,128.1,53,maize
51,48,47,26.7,68.8,7.2,126.0,35,wheat
22,30,26,24.0,88.3,5.8,188.6,66,pulses
97,54,60,20.2,88.9,6.6,217.7,63,rice
84,60,51,23.0,83.1,6.5,216.6,62,rice
87,59,39,24.4,72.2,6.6,196.0,60,maize
74,50,38,23.6,63.4,6.6,163.1,58,maize
54,48,49,23.3,63.4,6.9,140.8,38,wheat
66,36,61,30.0,76.5,6.6,169.2,61,groundnut
55,46,43,29.3,74.4,6.6,127.0,62,cotton
24,35,28,24.0,81.4,6.0,245.0,74,pulses
68,50,55,26.4,81.6,6.5,273.1,84,sugarcane
99,60,51,24.4,84.5,6.6,243.3,76,rice
72,41,64,27.3,85.4,6.5,279.2,83,sugarcane
86,60,42,24.5,75.1,6.7,122.6,49,maize
59,48,48,28.5,71.8,6.2,175.5,59,cotton
91,53,48,25.0,77.1,6.2,188.9,61,rice
99,54,44,21.9,88.4,6.2,186.2,75,rice
91,51,54,22.8,89.9,6.3,192.4,76,rice
38,53,47,31.9,52.9,6.3,97.3,35,millet
50,45,45,32.0,67.5,6.5,178.5,50,cotton
28,25,24,24.2,88.6,5.9,211.3,67,pulses
65,56,44,24.9,67.7,6.8,149.9,45,wheat
66,31,62,28.3,70.2,6.6,145.6,55,groundnut
70,45,63,29.0,83.8,6.9,284.8,81,sugarcane
74,37,64,28.7,73.7,6.6,150.2,61,groundnut
75,53,37,22.3,64.4,6.9,140.8,52,maize
55,35,35,27.4,57.4,6.1,107.3,35,barley
78,49,57,27.6,89.7,6.8,266.5,84,sugarcane
89,58,43,23.4,67.6,6.5,123.1,55,maize
71,33,63,26.1,74.4,6.9,173.4,69,groundnut
25,35,21,22.3,82.3,6.0,195.2,72,pulses
72,56,38,25.1,78.2,6.9,196.4,59,maize
49,33,30,27.8,63.5,5.7,92.5,26,barley
61,45,46,22.4,63.7,7.2,142.7,35,wheat
52,35,36,26.3,59.6,6.1,83.2,26,barley
68,30,61,28.9,70.6,7.0,140.0,64,groundnut
46,37,36,25.2,58.2,5.7,81.7,34,barley
84,55,51,24.4,81.1,6.5,245.5,61,rice
87,53,41,23.6,71.6,6.7,137.2,56,maize
41,51,52,29.9,58.3,6.4,96.7,25,millet
92,55,55,21.6,76.2,6.5,200.6,61,rice
70,59,41,23.7,74.1,6.9,164.7,59,maize
77,50,42,21.3,76.4,6.7,172.3,53,maize
72,36,63,29.7,71.9,6.9,144.2,64,groundnut
69,36,63,28.5,75.3,6.7,174.2,62,groundnut
50,43,48,27.2,65.9,6.3,141.5,64,cotton
73,55,58,27.8,85.9,6.2,272.4,80,sugarcane
67,33,65,25.8,79.4,7.0,165.7,62,groundnut
88,48,60,23.9,77.2,6.8,213.1,74,rice
72,35,55,29.1,79.0,6.9,148.7,66,groundnut
55,32,39,27.1,63.8,5.6,86.3,35,barley
70,42,59,27.5,88.8,6.9,269.0,84,sugarcane
58,49,50,29.8,68.0,6.5,140.3,63,cotton
78,53,35,23.5,62.5,6.5,141.8,58,maize
54,51,47,26.9,69.5,7.1,114.6,42,wheat
29,35,23,25.7,83.0,5.6,193.5,79,pulses
73,39,62,26.6,79.0,6.8,154.2,64,groundnut
70,54,44,24.7,69.5,6.8,121.7,46,maize
49,34,37,29.3,55.7,5.7,115.9,33,barley
52,45,46,28.7,67.8,6.6,153.2,53,cotton
46,32,34,26.3,55.3,6.0,117.1,27,barley
57,47,40,22.5,64.9,6.6,124.4,36,wheat
89,58,41,21.0,78.2,6.9,191.0,55,maize
57,44,47,27.3,72.2,6.5,143.2,60,cotton
66,48,61,27.4,78.6,6.4,215.8,73,sugarcane
87,42,44,21.3,78.8,6.2,227.6,70,rice
52,50,42,28.4,72.3,6.4,126.4,51,cotton
72,60,41,23.6,79.7,6.7,141.2,59,maize
69,44,64,29.7,89.9,6.3,216.9,84,sugarcane
37,51,49,30.6,50.1,6.5,82.3,31,millet
58,43,46,27.2,68.5,6.6,122.2,60,cotton
62,58,41,22.5,66.9,6.8,119.2,40,wheat
89,57,40,24.9,83.9,6.6,202.7,76,rice
74,54,55,29.3,86.2,6.3,295.5,76,sugarcane
59,47,50,31.1,66.5,6.3,169.6,58,cotton
52,46,47,27.0,64.0,7.0,104.5,44,wheat
35,51,48,28.4,53.6,6.4,81.0,30,millet
50,50,50,25.5,66.4,6.8,133.0,36,wheat
82,43,43,21.2,86.8,6.5,200.0,76,rice
38,47,51,32.0,52.0,6.2,100.2,28,millet
62,47,44,27.5,68.5,7.0,137.7,43,wheat
51,38,32,27.7,56.2,5.8,89.6,26,barley
44,47,48,30.6,55.5,6.4,104.6,26,millet
75,47,53,28.5,71.1,6.9,217.9,73,sugarcane
70,38,60,28.6,78.6,6.8,140.1,64,groundnut
45,34,31,27.1,61.6,5.9,103.0,27,barley
40,53,49,28.1,58.7,6.1,107.8,31,millet
90,57,53,23.1,75.2,6.0,231.4,72,rice
56,44,42,27.7,70.8,6.4,171.9,61,cotton
66,31,65,26.6,71.8,6.8,142.3,69,groundnut
45,38,32,27.3,55.1,5.5,112.8,30,barley
43,52,49,28.1,54.6,6.4,85.8,35,millet
53,57,41,27.0,56.1,7.0,126.6,41,wheat
21,31,28,24.1,80.9,5.7,198.7,71,pulses
87,42,48,23.8,89.8,6.4,195.7,73,rice
68,39,58,28.3,74.8,7.0,151.5,61,groundnut
55,30,39,28.3,60.4,6.1,107.9,28,barley
71,53,53,27.2,74.4,6.6,207.5,76,sugarcane
38,46,47,28.8,56.0,6.1,88.1,26,millet
79,41,54,25.1,77.8,6.2,279.4,84,sugarcane
80,52,50,21.9,83.0,6.6,215.6,73,rice
83,55,45,20.8,81.1,6.6,204.0,65,rice
54,32,38,29.2,63.6,5.5,110.8,34,barley
47,40,32,29.4,56.0,5.7,111.3,25,barley
70,33,58,25.4,79.7,6.8,174.5,57,groundnut
51,50,44,23.5,55.6,6.8,125.0,37,wheat
72,58,38,24.2,65.8,6.5,160.1,45,maize
67,31,64,29.3,79.0,6.6,156.6,60,groundnut
89,60,40,23.0,71.9,6.8,175.0,49,maize
89,54,41,22.3,78.0,6.3,230.6,75,rice
22,34,30,22.8,84.3,6.0,188.3,71,pulses
59,47,40,25.2,65.3,6.9,129.0,35,wheat
98,47,60,24.8,77.2,6.4,244.0,63,rice
78,58,42,22.9,72.2,6.6,133.2,52,maize
71,38,57,29.9,74.7,6.5,156.0,69,groundnut
96,43,49,23.8,87.9,6.0,204.4,70,rice
54,41,46,31.3,68.6,6.3,161.1,56,cotton
37,55,55,29.3,58.9,6.2,90.7,34,millet
81,50,41,25.9,72.1,6.9,194.5,49,maize
52,46,42,26.2,63.3,7.2,111.9,44,wheat
99,48,60,21.4,82.6,6.7,192.1,60,rice
21,29,27,24.7,87.9,5.7,225.6,65,pulses
46,35,34,25.5,57.7,5.7,97.5,29,barley
89,50,35,26.0,73.1,6.7,166.0,51,maize
25,31,27,22.9,81.1,6.1,214.0,65,pulses
69,30,62,27.4,71.9,6.7,171.6,66,groundnut
77,50,37,21.9,68.7,6.9,144.3,54,maize
87,58,37,22.2,76.4,6.9,194.8,60,maize
89,54,40,25.3,78.4,6.5,130.0,54,maize
38,51,50,29.0,50.1,6.1,80.7,33,millet
70,55,43,23.2,63.7,7.1,144.0,37,wheat
47,40,38,27.9,61.1,5.8,87.9,35,barley
75,48,51,27.5,86.9,6.6,226.4,80,sugarcane
87,40,55,20.4,85.8,6.0,248.3,69,rice
85,40,60,20.8,79.5,6.4,243.4,66,rice
45,46,49,29.7,59.3,6.1,109.9,28,millet
65,37,62,28.5,75.2,6.8,158.3,65,groundnut
39,48,52,30.9,50.8,6.1,100.5,32,millet
46,40,31,26.1,60.2,5.6,105.5,29,barley
60,47,46,26.1,67.4,6.7,125.4,37,wheat
95,56,51,21.4,83.9,6.4,232.5,79,rice
69,36,55,29.3,79.3,6.8,141.2,67,groundnut
53,40,35,25.9,60.9,6.1,107.6,27,barley
39,52,51,29.5,59.4,6.5,102.2,30,millet
65,37,61,25.8,78.7,6.9,160.9,62,groundnut
65,53,62,28.5,89.5,6.7,252.6,81,sugarcane
51,34,32,28.2,56.3,5.8,97.2,26,barley
67,38,63,26.9,72.7,6.6,152.3,57,groundnut
58,48,48,26.4,62.8,6.6,149.7,35,wheat
66,40,65,27.2,79.6,6.8,165.4,68,groundnut
85,57,35,25.3,69.8,6.9,187.2,46,maize
100,50,47,21.6,86.8,6.5,189.2,77,rice
70,35,63,29.2,79.3,6.9,170.3,59,groundnut
22,29,24,22.0,80.8,6.1,200.1,69,pulses
27,30,21,25.8,89.0,6.1,180.4,68,pulses
65,50,49,26.1,63.0,7.1,149.6,42,wheat
79,53,39,22.0,74.0,6.6,122.2,58,maize
86,53,43,25.5,75.4,6.7,140.4,56,maize
73,53,53,26.7,82.7,6.6,254.9,85,sugarcane
51,30,32,26.7,64.8,5.9,98.3,30,barley
68,50,46,27.4,62.3,6.8,110.1,43,wheat
60,50,48,23.8,68.9,7.1,126.0,36,wheat
75,35,57,28.1,79.7,7.0,179.3,56,groundnut
50,48,45,30.5,70.8,6.8,179.3,55,cotton
72,32,56,29.9,73.3,6.8,175.8,67,groundnut
65,42,55,27.9,73.5,6.4,214.2,75,sugarcane
26,30,29,23.0,85.8,5.9,200.9,70,pulses
94,50,54,24.4,85.7,6.4,195.8,61,rice
78,60,38,25.9,79.8,6.8,123.8,46,maize
51,46,47,30.6,71.8,6.8,154.0,64,cotton
44,51,51,32.0,50.7,6.3,80.1,33,millet
93,54,54,22.7,77.6,6.1,228.7,63,rice
47,39,39,26.8,59.3,5.7,86.0,35,barley
69,35,62,29.6,77.9,6.8,140.8,56,groundnut
51,47,47,29.8,72.8,6.2,177.7,53,cotton
48,30,36,27.7,62.4,5.9,88.6,33,barley
35,48,53,28.9,59.8,6.5,83.5,29,millet
72,30,61,25.8,74.5,6.8,151.8,59,groundnut
55,32,30,28.1,57.7,5.6,86.8,30,barley
52,48,46,27.8,69.7,6.5,128.3,62,cotton
28,30,30,24.4,82.0,5.8,240.9,65,pulses
46,38,34,26.2,61.9,5.7,92.7,32,barley
22,26,20,25.2,84.5,5.8,200.5,78,pulses
43,49,54,30.1,54.1,6.1,110.2,34,millet
74,37,62,27.6,71.8,6.7,154.7,70,groundnut
23,34,20,25.4,80.8,6.0,187.4,67,pulses
77,43,62,26.9,85.5,6.6,207.3,79,sugarcane
97,51,44,24.2,86.1,6.6,181.9,77,rice
74,49,58,26.2,70.2,6.7,200.9,81,sugarcane
47,35,38,25.7,60.4,5.6,95.7,32,barley
46,33,37,25.9,59.3,6.0,117.3,27,barley
73,36,64,25.2,70.0,7.0,149.7,69,groundnut
40,45,55,29.1,59.1,6.4,95.6,30,millet
47,33,38,29.0,61.3,6.0,85.7,29,barley
73,41,51,28.1,72.7,6.7,274.9,75,sugarcane
38,49,49,30.7,51.0,6.4,110.6,28,millet
87,53,55,21.7,79.0,6.2,185.3,67,rice
60,45,46,28.4,73.8,6.6,162.4,51,cotton
74,34,59,29.5,79.3,6.8,162.1,70,groundnut
59,49,45,28.9,74.1,6.7,126.4,64,cotton
51,40,37,27.8,63.6,5.8,84.3,25,barley
54,49,43,27.4,65.7,6.8,174.3,63,cotton
54,36,40,29.2,64.9,6.1,83.5,27,barley
36,53,45,28.5,57.8,6.5,96.6,26,millet
74,31,60,28.8,71.4,6.8,159.8,59,groundnut
99,47,51,22.6,76.9,6.1,181.2,70,rice
44,49,51,31.4,54.4,6.0,119.9,35,millet
35,52,55,29.1,54.8,6.4,107.0,27,millet
24,25,29,24.6,88.4,5.9,193.7,77,pulses
53,43,49,29.9,70.0,6.4,166.3,62,cotton
55,50,46,29.0,74.9,6.6,164.5,62,cotton
84,56,46,23.2,87.5,6.5,242.1,76,rice
81,52,43,22.2,77.1,6.4,180.5,68,rice
59,42,50,28.8,70.3,6.4,145.7,57,cotton
96,45,55,21.3,76.1,6.1,225.9,79,rice
83,50,53,21.4,85.7,6.2,220.5,71,rice
80,48,52,28.5,90.0,6.8,285.1,82,sugarcane
47,34,38,25.9,64.5,5.6,111.5,31,barley
54,41,46,28.0,69.0,6.7,136.8,61,cotton
30,33,29,23.1,90.0,5.5,210.4,79,pulses
69,49,57,26.3,89.4,6.5,227.0,79,sugarcane
70,37,59,25.6,75.7,6.6,141.6,58,groundnut
48,36,34,27.8,64.8,5.5,109.6,30,barley
50,37,39,25.2,63.9,6.2,89.4,31,barley
79,56,35,21.9,76.6,6.8,141.9,60,maize
67,57,44,26.5,67.0,7.2,103.9,39,wheat
83,46,52,23.4,85.8,6.5,201.9,67,rice
81,60,41,24.1,61.3,7.0,135.3,59,maize
35,47,50,29.5,59.4,6.1,98.8,25,millet
51,40,49,30.5,68.1,6.6,132.7,62,cotton
40,45,51,28.8,54.9,6.2,97.2,28,millet
71,55,54,27.4,70.4,6.5,270.8,77,sugarcane
80,51,43,21.0,64.5,6.6,164.0,50,maize
70,45,62,29.2,84.6,6.5,249.1,78,sugarcane
65,33,55,29.2,70.9,6.8,151.5,67,groundnut
40,52,53,28.7,50.7,6.1,98.6,34,millet
70,49,62,25.2,70.8,6.7,284.3,79,sugarcane
69,43,62,25.8,71.2,6.3,294.7,81,sugarcane
72,55,56,29.1,85.5,6.6,258.9,82,sugarcane
63,59,47,26.1,63.9,7.1,106.3,38,wheat
83,59,39,24.1,61.8,6.6,197.2,51,maize
83,60,54,24.3,77.2,6.6,209.9,60,rice
23,30,30,24.9,83.4,5.9,216.2,73,pulses
35,45,53,31.3,59.4,6.4,85.7,35,millet
70,32,62,25.4,75.3,6.6,142.3,60,groundnut
26,30,23,22.1,81.4,5.8,192.1,65,pulses
51,41,47,29.9,73.4,6.6,165.9,51,cotton
90,58,59,22.7,84.6,6.4,214.4,61,rice
46,30,33,27.9,63.6,5.9,97.8,32,barley
57,58,49,24.6,60.7,6.6,136.3,35,wheat
75,44,60,28.2,75.8,6.5,211.0,82,sugarcane
52,41,48,27.1,72.4,6.2,150.5,51,cotton
67,37,56,28.6,77.9,6.7,148.0,64,groundnut
49,31,38,29.6,63.3,5.6,107.9,31,barley
28,30,20,25.3,80.7,5.8,193.1,67,pulses
53,37,39,29.5,62.4,5.7,105.9,34,barley
29,31,27,24.7,87.0,6.1,216.1,68,pulses
20,34,25,22.3,82.2,6.0,220.0,68,pulses
51,38,32,28.3,55.8,5.5,102.4,35,barley
27,32,25,23.3,81.9,5.6,187.6,76,pulses
51,38,35,26.8,65.0,5.6,101.0,33,barley
59,41,44,29.8,71.6,6.4,133.2,52,cotton
26,28,22,22.7,84.5,6.2,210.6,67,pulses
63,51,40,22.9,66.8,6.8,142.6,40,wheat
52,45,43,26.2,58.5,6.9,134.5,44,wheat
65,52,57,28.2,70.1,6.8,253.5,78,sugarcane
70,40,50,25.5,88.0,6.8,225.5,72,sugarcane
65,49,49,24.5,67.1,7.1,105.5,41,wheat
86,44,55,22.1,84.6,6.2,225.1,80,rice
74,50,61,28.9,76.7,6.7,228.7,82,sugarcane
70,54,42,24.1,61.4,6.8,103.1,44,wheat
84,59,57,22.8,80.1,6.7,185.8,76,rice
41,52,53,30.0,58.9,6.4,97.4,31,millet
79,57,40,23.3,63.4,6.6,183.1,46,maize
55,36,39,25.1,64.6,6.0,89.1,30,barley
57,45,41,28.2,73.2,6.3,149.4,52,cotton
72,33,65,27.7,79.5,6.9,140.7,70,groundnut
73,48,60,27.5,86.4,6.4,264.4,76,sugarcane
63,54,49,24.2,58.4,6.5,147.0,37,wheat
50,38,39,29.2,56.9,5.8,108.0,30,barley
85,52,58,23.5,79.7,6.6,222.7,76,rice
75,58,38,25.3,64.6,6.8,124.1,53,maize
35,52,53,28.6,51.7,6.5,105.7,33,millet
64,47,45,25.4,59.2,6.6,141.4,44,wheat
65,56,44,22.3,68.1,7.2,142.3,44,wheat
75,32,55,28.0,75.0,6.6,160.3,68,groundnut
87,49,59,20.5,82.9,6.2,185.4,75,rice
66,48,48,24.5,57.7,6.6,116.7,38,wheat
69,58,49,22.9,69.7,7.1,136.8,44,wheat
72,51,53,27.1,80.6,6.3,220.9,82,sugarcane
41,49,53,28.4,53.1,6.1,87.7,26,millet
56,40,44,29.6,65.3,6.6,162.2,53,cotton
87,58,37,21.2,63.9,6.7,121.5,58,maize
69,54,56,26.4,73.8,6.3,202.7,77,sugarcane
51,45,43,30.5,70.6,6.7,155.5,60,cotton
68,48,58,28.8,70.4,6.3,228.2,71,sugarcane
72,60,41,24.6,79.7,6.9,146.3,57,maize
97,57,43,25.0,87.4,6.0,246.7,66,rice
71,32,55,27.9,79.1,6.8,152.6,61,groundnut
72,40,61,26.4,73.7,6.6,164.4,64,groundnut
55,49,44,28.4,66.4,6.5,125.4,65,cotton
66,45,47,23.5,67.9,6.7,134.9,38,wheat
80,51,41,21.2,79.5,6.5,160.7,58,maize
54,40,40,29.8,59.2,6.1,80.5,35,barley
73,57,36,23.4,62.6,6.7,183.3,60,maize
45,40,31,29.8,62.1,5.8,102.9,27,barley
73,51,39,23.4,67.6,6.6,159.9,48,maize
47,34,33,27.2,60.0,6.1,88.8,28,barley
100,58,49,21.4,86.3,6.0,220.7,72,rice
59,48,43,22.2,63.4,7.0,142.8,36,wheat
53,44,41,28.0,73.8,6.2,123.0,56,cotton
66,45,43,27.2,60.4,6.7,128.6,45,wheat
54,44,44,28.2,74.8,6.7,129.8,64,cotton
89,43,54,20.1,76.4,6.1,180.6,67,rice
23,27,25,26.0,84.0,5.8,186.3,66,pulses
66,45,57,29.1,83.2,6.6,239.8,81,sugarcane
70,45,47,26.1,66.2,7.0,130.3,44,wheat
52,45,46,29.3,69.9,6.2,177.6,57,cotton
29,28,27,23.3,80.9,5.9,196.3,80,pulses
84,60,48,24.3,88.7,6.7,239.3,61,rice
98,53,60,23.8,76.6,6.7,242.1,61,rice
87,59,44,21.1,78.2,6.9,164.1,48,maize
46,30,36,26.7,64.0,5.5,81.4,26,barley
57,50,44,30.8,71.6,6.6,136.6,50,cotton
56,40,49,30.9,69.6,6.7,162.3,60,cotton
29,34,27,24.5,80.2,5.7,217.4,78,pulses
84,53,51,23.1,84.9,6.2,235.8,70,rice
61,53,50,27.7,56.9,6.8,105.1,43,wheat
56,44,50,30.8,66.6,6.8,178.8,56,cotton
66,30,63,27.1,73.3,6.5,144.7,68,groundnut
76,47,61,25.2,84.9,6.8,289.1,75,sugarcane
98,40,48,24.0,82.5,6.6,180.1,72,rice
81,45,52,24.6,88.0,6.4,246.9,64,rice
45,35,30,26.9,64.4,5.7,88.5,27,barley
94,52,46,23.2,88.8,6.2,227.2,71,rice
68,51,52,25.1,77.2,6.2,252.2,74,sugarcane
81,45,51,22.5,83.2,6.4,211.6,72,rice
70,30,58,27.1,70.4,6.7,177.2,62,groundnut
72,52,43,25.2,72.9,7.0,142.1,52,maize
41,52,53,29.7,54.4,6.0,84.1,29,millet
93,41,57,21.6,83.4,6.4,194.3,64,rice
45,54,45,30.3,50.2,6.2,116.9,34,millet
43,55,54,28.8,55.7,6.3,93.5,33,millet
55,57,50,26.7,63.7,7.1,130.9,43,wheat
70,35,57,27.5,74.7,6.8,156.1,68,groundnut
51,38,30,25.7,63.3,5.9,117.0,34,barley
73,36,61,27.7,72.3,6.8,154.8,57,groundnut
54,37,34,27.2,59.6,6.0,111.5,35,barley
35,50,45,29.9,53.1,6.0,84.2,31,millet
72,55,56,27.4,80.5,6.5,200.4,75,sugarcane
73,55,38,22.2,66.5,6.8,155.1,57,maize
70,52,41,27.0,64.2,7.1,105.1,37,wheat
53,50,40,31.4,66.2,6.7,129.8,62,cotton
38,49,50,29.8,50.5,6.4,89.7,33,millet
74,46,52,25.7,73.9,6.5,254.0,80,sugarcane
80,52,50,26.6,71.7,6.2,259.2,70,sugarcane
100,47,43,22.8,83.9,6.5,198.9,78,rice
30,27,21,23.1,84.6,6.1,230.5,65,pulses
51,36,31,29.1,61.5,5.9,108.7,25,barley
89,57,56,24.2,89.8,6.5,204.4,77,rice
72,30,59,25.4,76.4,6.8,147.9,55,groundnut
76,60,40,21.5,61.8,6.5,191.1,56,maize
40,50,48,30.5,59.0,6.5,102.1,31,millet
26,26,25,23.2,87.1,5.8,225.0,66,pulses
78,51,64,27.9,82.7,6.7,233.1,73,sugarcane
48,38,40,29.2,63.9,6.2,95.0,30,barley
77,54,50,28.6,70.4,6.3,243.4,70,sugarcane
35,53,49,31.2,58.6,6.4,107.8,28,millet
50,40,44,27.3,67.1,6.7,172.6,52,cotton
80,58,42,21.6,71.9,6.7,139.6,59,maize
55,48,49,30.0,72.8,6.6,152.4,61,cotton
87,56,59,24.2,88.4,6.5,248.1,67,rice
77,48,58,26.5,81.2,6.6,230.5,80,sugarcane
66,35,65,29.9,76.2,6.8,156.3,57,groundnut
57,46,44,30.7,68.8,6.6,143.4,61,cotton
60,48,49,31.2,65.0,6.7,135.4,54,cotton
26,29,23,24.8,82.6,6.0,185.4,66,pulses
70,32,61,25.3,73.0,6.5,179.9,65,groundnut
29,30,26,22.5,88.9,5.8,243.9,66,pulses
53,48,47,29.6,74.7,6.5,177.6,65,cotton
81,46,55,22.4,77.7,6.4,216.4,78,rice
73,54,43,23.9,72.2,6.7,166.8,56,maize
73,32,62,26.0,74.8,6.8,175.5,61,groundnut
82,57,39,22.8,69.2,6.7,165.0,52,maize
88,41,55,23.8,88.1,6.0,196.1,60,rice
66,40,54,27.7,81.5,6.3,257.1,78,sugarcane
26,26,30,25.9,89.9,6.1,249.6,69,pulses
83,42,60,20.7,87.2,6.6,186.1,73,rice
53,34,36,27.3,56.8,5.9,96.2,28,barley
75,58,42,25.1,60.4,7.0,143.2,50,maize
50,36,38,27.8,63.0,5.7,113.1,33,barley
50,49,40,30.9,67.8,6.2,149.0,65,cotton
74,51,51,25.4,72.2,6.8,249.6,83,sugarcane
41,53,55,31.8,54.1,6.3,91.7,27,millet
73,55,50,27.9,89.1,6.8,212.9,78,sugarcane
52,34,39,26.6,62.4,5.6,100.7,29,barley
50,33,40,28.4,55.4,6.2,103.6,29,barley
81,55,43,24.5,64.9,7.0,147.9,47,maize
54,34,38,28.8,58.2,5.7,94.0,30,barley
83,44,48,21.0,79.0,6.3,242.7,70,rice
45,54,54,29.0,59.9,6.4,116.7,27,millet
51,33,37,29.3,64.0,6.1,80.1,32,barley
55,50,45,27.6,58.4,6.9,102.8,41,wheat
75,38,63,29.7,73.5,6.6,173.9,63,groundnut
83,50,36,22.4,77.0,6.6,173.7,50,maize
45,37,34,27.7,55.7,6.2,103.9,31,barley
100,58,50,20.3,79.5,6.5,221.3,65,rice
72,36,62,28.0,71.5,6.8,148.3,62,groundnut
88,42,41,21.5,86.4,6.6,210.1,69,rice
28,26,20,25.5,81.9,6.0,203.5,66,pulses
20,34,23,24.0,81.3,5.8,197.9,76,pulses
76,43,59,26.0,84.7,6.6,238.2,79,sugarcane
64,48,42,22.4,58.6,7.0,116.9,35,wheat
52,46,43,29.4,67.6,6.2,166.6,64,cotton
66,32,61,27.1,75.2,6.8,169.0,63,groundnut
21,35,27,22.7,80.1,5.9,237.2,78,pulses
42,54,52,30.0,53.6,6.3,108.3,27,millet
45,33,35,29.7,60.3,6.0,80.5,30,barley
87,42,49,22.4,81.1,6.8,212.6,75,rice
29,27,21,24.9,85.3,6.1,219.3,75,pulses
87,60,35,23.2,79.1,6.6,197.8,54,maize
24,29,28,22.6,82.7,6.0,194.3,76,pulses
78,55,59,26.4,73.2,6.3,264.5,81,sugarcane
60,55,50,23.9,63.3,6.8,106.4,43,wheat
29,33,25,25.2,87.9,6.1,227.1,76,pulses
49,30,36,27.6,57.7,5.5,99.3,35,barley
66,31,58,27.4,75.4,6.9,154.4,64,groundnut
29,32,20,24.6,86.3,5.9,213.4,68,pulses
66,32,63,29.2,78.3,6.6,141.4,55,groundnut
71,33,65,29.2,79.3,6.8,149.4,63,groundnut
75,50,63,26.2,89.2,6.6,239.5,81,sugarcane
29,35,24,23.9,80.6,5.7,189.0,68,pulses
74,37,59,29.5,73.7,6.6,166.2,69,groundnut
54,56,41,25.1,57.3,6.9,111.4,36,wheat
24,25,27,22.3,89.0,5.8,231.5,70,pulses
84,54,37,25.0,79.4,6.5,177.9,59,maize
63,46,41,27.0,59.2,7.0,149.7,35,wheat
85,53,59,21.7,81.2,6.6,240.1,62,rice
60,50,45,27.9,74.3,6.3,171.3,57,cotton
20,33,21,23.0,85.7,5.5,203.2,67,pulses
41,53,49,30.2,59.4,6.2,106.8,31,millet
55,52,46,22.7,60.7,6.8,105.1,39,wheat
66,36,62,28.9,77.0,6.9,144.1,63,groundnut
70,56,43,25.3,62.0,6.6,139.5,56,maize
73,37,58,25.9,76.0,6.8,167.8,59,groundnut
25,26,28,25.9,80.2,6.1,245.3,75,pulses
64,46,47,25.3,61.5,6.9,119.7,42,wheat
20,34,21,25.7,85.5,5.6,233.5,74,pulses
88,56,35,25.6,77.5,6.8,155.5,58,maize
41,51,45,30.9,53.1,6.0,85.8,30,millet
52,31,35,28.5,56.6,5.8,80.8,33,barley
37,53,51,29.4,58.7,6.3,107.5,34,millet
53,49,46,29.3,75.0,6.3,131.0,60,cotton
25,31,22,24.2,86.8,5.6,233.3,79,pulses
65,53,64,25.3,74.4,6.3,244.3,70,sugarcane
55,47,40,29.1,67.4,6.7,135.8,64,cotton
83,50,51,22.8,83.4,6.5,216.9,77,rice
60,59,45,27.3,66.8,6.8,110.1,36,wheat
45,38,37,27.2,58.0,5.9,88.2,31,barley
69,50,64,29.3,82.0,6.9,206.8,72,sugarcane
53,43,43,31.8,66.7,6.4,156.3,64,cotton
80,53,53,27.3,70.6,6.5,296.2,71,sugarcane
50,34,32,25.3,63.1,5.7,91.0,33,barley
55,35,33,27.2,56.1,6.2,115.9,31,barley
60,40,41,27.9,69.0,6.4,134.8,51,cotton
54,44,46,32.0,68.7,6.4,159.9,60,cotton
51,31,31,26.0,57.5,5.9,80.3,27,barley
43,55,48,28.1,59.9,6.2,109.2,35,millet
51,32,30,29.7,59.1,6.2,89.8,32,barley
79,44,61,29.5,86.3,6.9,291.4,70,sugarcane
21,28,24,25.7,84.0,5.8,201.5,65,pulses
53,43,47,29.1,74.2,6.2,157.2,63,cotton
56,58,49,24.8,60.0,7.0,111.9,35,wheat
81,51,38,25.0,75.7,6.6,194.6,51,maize
70,49,56,25.1,73.7,6.2,294.2,73,sugarcane
58,41,47,31.8,71.2,6.8,129.0,52,cotton
91,40,40,21.3,75.3,6.5,206.4,70,rice
54,40,35,26.2,60.9,5.8,96.4,31,barley
75,39,64,27.6,75.7,7.0,150.1,62,groundnut
50,43,49,30.7,71.3,6.4,123.9,57,cotton
50,49,41,27.7,67.5,6.7,162.2,60,cotton
30,33,25,22.7,83.8,5.8,227.3,77,pulses
55,49,43,30.0,71.9,6.4,168.9,57,cotton
70,50,42,24.0,67.3,7.2,138.6,41,wheat
42,49,52,31.5,51.2,6.1,109.1,31,millet
70,57,43,21.1,67.4,6.6,188.9,59,maize
53,36,31,25.3,55.8,5.6,92.2,27,barley
70,52,40,23.8,69.3,7.1,128.4,44,wheat
70,33,60,26.7,78.8,7.0,164.7,69,groundnut
78,50,36,22.1,63.5,7.0,180.5,49,maize
66,33,65,27.4,77.5,6.9,152.9,58,groundnut
52,41,46,30.2,66.7,6.4,148.5,63,cotton
45,51,53,29.4,59.2,6.3,88.8,31,millet
51,47,43,29.9,65.8,6.7,162.9,55,cotton
53,40,40,31.9,67.7,6.7,123.7,52,cotton
73,60,45,24.1,71.6,6.7,199.9,45,maize
88,60,35,21.2,62.0,6.6,160.9,60,maize
72,33,57,30.0,73.3,6.6,152.4,68,groundnut
77,54,54,29.2,74.5,6.8,225.1,78,sugarcane
82,50,39,23.9,63.6,6.8,172.0,47,maize
35,49,48,31.4,59.5,6.0,84.8,32,millet
54,47,41,24.9,68.5,6.9,109.6,45,wheat
51,50,42,24.9,59.1,7.0,116.2,39,wheat
77,45,62,26.0,70.5,6.3,257.7,84,sugarcane
37,48,51,30.4,57.2,6.1,108.3,25,millet
52,58,48,26.5,68.2,6.9,102.9,43,wheat
26,30,26,24.4,81.3,5.9,227.0,71,pulses
74,47,57,25.8,83.7,6.4,227.9,75,sugarcane
38,45,55,28.8,55.0,6.3,88.7,29,millet
64,57,47,25.0,63.6,7.1,124.6,41,wheat
30,26,30,23.5,90.0,5.8,211.7,70,pulses
46,40,37,28.9,63.2,6.1,96.3,33,barley
60,51,43,25.2,66.6,6.7,100.0,44,wheat
29,28,22,25.6,88.1,5.8,216.2,75,pulses
95,43,58,21.8,80.2,6.0,243.8,78,rice
45,38,35,29.2,63.8,5.7,102.3,32,barley
66,35,55,28.9,79.1,6.7,150.6,60,groundnut
68,35,60,27.2,72.6,6.7,177.6,57,groundnut
98,53,56,23.5,89.6,6.7,202.0,62,rice
30,33,28,24.5,84.2,5.8,205.0,80,pulses
75,37,59,29.9,77.0,7.0,152.4,60,groundnut
28,28,21,22.8,84.4,5.6,227.3,71,pulses
46,38,30,27.5,61.1,5.6,108.9,33,barley
48,36,39,26.7,60.8,5.9,111.4,35,barley
74,45,62,29.9,72.2,6.4,226.1,82,sugarcane
89,49,42,24.6,88.9,6.5,239.6,64,rice
81,55,36,25.4,71.9,6.7,136.4,59,maize
66,40,56,28.1,72.1,7.0,170.1,68,groundnut
50,36,39,26.2,59.5,5.7,110.5,34,barley
98,44,54,24.3,85.4,6.2,188.0,68,rice
51,43,46,30.4,67.6,6.4,177.0,53,cotton
68,38,55,27.5,79.8,6.8,146.9,63,groundnut
63,45,43,27.0,63.2,6.5,141.2,35,wheat
45,36,36,27.2,56.7,5.6,116.5,31,barley
58,57,48,27.7,59.0,7.2,112.7,38,wheat
45,45,48,29.2,57.4,6.1,88.2,29,millet
36,46,46,29.9,50.6,6.2,112.6,28,millet
66,56,47,25.5,65.7,6.9,123.3,39,wheat
91,55,44,24.3,76.6,6.4,212.4,61,rice
90,53,48,20.6,81.4,6.5,211.6,79,rice
22,30,26,23.0,86.8,6.1,186.0,66,pulses
45,55,52,28.6,60.0,6.3,95.4,28,millet
90,58,38,24.2,72.8,6.9,151.1,53,maize
21,32,26,23.0,81.8,6.0,201.8,78,pulses
93,49,59,23.3,80.6,6.7,194.5,77,rice
82,59,43,21.3,60.5,6.9,146.0,52,maize
78,45,62,28.3,70.2,6.7,284.7,80,sugarcane
53,46,40,27.9,65.8,6.3,153.1,59,cotton
30,31,25,24.2,80.6,5.6,241.4,73,pulses
52,57,50,26.0,56.0,7.1,131.3,35,wheat
36,50,53,31.5,58.2,6.2,91.2,29,millet
73,47,59,29.7,80.3,6.3,293.4,82,sugarcane
54,40,37,27.9,62.0,6.0,99.2,32,barley
68,41,61,26.8,76.4,6.7,216.3,70,sugarcane
45,47,46,28.7,50.1,6.4,91.5,34,millet
84,41,52,23.1,83.0,6.5,214.3,65,rice
24,31,29,24.3,85.9,5.8,231.2,75,pulses
79,59,37,21.6,74.5,6.6,120.8,48,maize
54,31,38,25.9,56.5,5.7,108.9,31,barley
73,43,59,28.6,88.2,6.8,203.7,81,sugarcane
73,38,65,26.5,70.7,6.7,173.4,62,groundnut
86,57,42,24.4,73.9,6.7,123.4,48,maize
100,45,46,21.9,77.5,6.4,186.3,68,rice
73,31,57,27.0,79.3,6.7,158.7,67,groundnut
71,37,63,26.5,79.9,6.9,163.3,61,groundnut
53,34,30,28.8,62.1,5.9,97.6,28,barley
68,30,57,25.2,78.2,6.6,162.9,61,groundnut
56,59,46,23.3,65.2,7.1,132.9,42,wheat
24,28,26,25.2,81.3,6.1,233.7,76,pulses
66,36,58,27.1,73.6,6.7,144.5,56,groundnut
52,33,40,28.3,56.3,5.7,89.5,28,barley
52,49,40,29.3,74.6,6.2,126.9,63,cotton
25,35,26,24.5,84.2,5.6,202.2,75,pulses
52,36,30,27.2,63.0,6.1,94.0,26,barley
69,49,43,24.7,61.6,7.0,120.8,38,wheat
80,45,55,27.9,78.8,6.4,296.0,80,sugarcane
73,57,42,22.4,62.8,6.7,175.6,54,maize
22,26,22,24.9,80.8,5.9,244.4,77,pulses
60,44,42,29.2,70.2,6.5,157.8,53,cotton
51,53,42,27.9,55.0,7.1,113.2,41,wheat
55,49,40,29.8,69.5,6.6,156.4,58,cotton
75,34,62,29.4,76.8,6.7,163.1,69,groundnut
29,35,30,23.0,81.3,5.5,214.2,79,pulses
79,56,43,21.3,70.7,6.5,128.2,49,maize
28,30,20,24.3,80.1,6.1,238.5,79,pulses
66,31,64,25.2,75.8,6.9,175.8,65,groundnut
61,59,49,22.7,57.7,6.7,123.2,44,wheat
85,59,42,25.2,69.2,6.8,175.6,54,maize
21,26,21,24.6,86.7,5.7,232.7,72,pulses
29,27,30,22.1,83.9,5.7,230.6,78,pulses
63,60,46,22.2,55.8,7.2,118.4,35,wheat
55,42,41,28.2,67.5,6.5,173.7,54,cotton
50,43,47,30.4,70.7,6.4,168.5,61,cotton
38,53,54,31.8,52.3,6.1,109.6,25,millet
39,46,54,28.2,50.1,6.4,99.6,35,millet
29,27,21,23.4,88.8,5.9,180.7,67,pulses
51,44,46,29.1,74.4,6.6,163.4,52,cotton
95,55,46,21.1,82.0,6.7,180.1,66,rice
75,38,57,26.9,73.4,6.6,173.3,64,groundnut
97,41,52,22.1,76.5,6.4,183.4,60,rice
74,31,64,27.0,73.4,6.6,170.5,64,groundnut
67,34,65,26.4,74.0,6.5,168.5,59,groundnut
40,51,46,31.5,55.6,6.3,98.5,26,millet
68,48,40,22.1,57.8,6.7,144.7,40,wheat
70,57,43,23.4,64.5,6.7,127.8,54,maize
82,52,40,21.3,69.6,6.7,138.5,57,maize
60,52,41,24.1,56.6,7.0,118.1,38,wheat
79,53,42,25.8,66.9,6.9,146.8,48,maize
70,53,41,22.9,73.5,6.5,189.1,49,maize
71,53,37,23.0,61.3,6.9,160.6,47,maize
70,54,44,24.3,78.4,7.0,123.8,55,maize
100,47,57,24.5,78.9,6.7,217.5,62,rice
84,56,42,23.4,87.9,6.3,223.9,78,rice
51,40,47,31.0,66.0,6.5,162.2,60,cotton
64,48,47,25.9,64.7,6.8,137.1,36,wheat
50,42,43,30.8,71.5,6.5,149.2,50,cotton
74,42,55,28.2,84.0,6.3,285.8,77,sugarcane
68,36,63,27.2,75.0,6.6,159.9,59,groundnut
79,48,63,25.4,76.0,6.8,299.1,74,sugarcane
58,45,42,29.2,68.9,6.5,123.9,50,cotton
43,47,51,30.2,53.8,6.0,114.0,29,millet
37,47,55,31.7,50.6,6.1,88.8,33,millet
100,58,56,24.4,86.2,6.4,195.3,67,rice
75,46,50,29.6,83.8,6.6,202.8,83,sugarcane
64,54,45,27.5,68.3,6.7,142.2,38,wheat
50,37,34,28.0,63.4,5.8,105.6,29,barley
39,55,51,29.4,53.0,6.1,115.8,31,millet
37,53,46,28.5,54.7,6.3,115.2,35,millet
25,25,24,23.6,83.9,6.0,215.1,79,pulses
36,55,53,28.4,52.2,6.2,85.8,30,millet
28,27,25,25.6,88.2,6.2,203.3,67,pulses
94,41,49,21.5,89.1,6.6,236.3,71,rice
74,54,37,25.0,78.7,6.9,146.0,54,maize
73,37,59,28.5,73.9,7.0,164.9,70,groundnut
71,43,63,27.4,86.5,6.3,277.0,80,sugarcane
26,35,28,24.2,81.3,5.6,209.7,67,pulses
73,52,65,25.7,87.2,6.4,214.5,82,sugarcane
87,50,37,22.1,76.6,7.0,197.4,53,maize
68,40,62,25.5,72.8,6.9,177.4,58,groundnut
72,32,60,25.6,76.5,6.8,178.2,62,groundnut
67,31,55,27.6,76.6,6.5,148.1,63,groundnut
72,55,35,22.1,78.0,6.9,139.1,56,maize
59,44,50,31.6,67.0,6.4,139.1,53,cotton
81,56,51,21.9,76.9,6.3,237.8,69,rice
25,32,30,24.3,82.1,5.8,242.4,66,pulses
71,48,58,26.7,79.7,6.4,222.3,79,sugarcane
69,48,42,26.3,66.9,6.9,104.5,40,wheat
73,39,60,28.6,73.1,6.8,145.1,66,groundnut
38,48,47,28.4,52.7,6.5,107.8,26,millet
74,55,43,23.7,79.1,7.0,151.1,46,maize
70,38,57,28.2,75.9,7.0,168.2,60,groundnut
47,30,32,27.5,55.7,6.1,81.4,25,barley
79,41,54,29.3,89.8,6.6,203.3,71,sugarcane
54,47,44,30.5,67.5,6.8,124.1,62,cotton
77,53,52,29.6,70.8,6.3,205.6,85,sugarcane
73,55,57,25.1,79.1,6.7,217.5,83,sugarcane
75,39,65,29.3,76.7,7.0,146.7,69,groundnut
50,33,30,26.6,60.4,6.0,110.5,35,barley
55,33,33,25.5,56.7,6.1,85.8,27,barley
76,59,40,26.0,74.4,6.5,155.1,55,maize
80,43,51,28.5,84.2,6.7,284.7,84,sugarcane
71,39,65,25.3,79.6,6.7,179.1,58,groundnut
69,39,65,25.8,79.6,6.7,151.3,68,groundnut
73,46,58,27.2,70.6,6.6,295.4,80,sugarcane
40,53,49,28.2,59.3,6.5,101.7,26,millet
54,34,40,29.8,62.4,5.7,107.3,28,barley
46,35,32,29.9,57.1,5.7,82.6,34,barley
54,41,41,30.6,72.8,6.5,134.5,64,cotton
30,33,28,23.6,88.7,6.1,195.8,71,pulses
77,44,64,29.1,75.1,6.3,214.9,70,sugarcane
59,44,46,30.4,72.9,6.7,166.3,55,cotton
42,55,52,29.5,56.5,6.2,116.3,27,millet
77,51,52,27.8,71.9,6.8,282.2,70,sugarcane
39,46,53,31.9,57.3,6.1,114.7,25,millet
70,45,46,23.8,69.2,6.8,143.6,39,wheat
69,34,59,29.9,75.1,6.6,144.7,58,groundnut
44,52,49,30.0,51.4,6.3,93.6,27,millet
80,47,45,20.4,85.6,6.4,181.0,74,rice
88,54,37,23.9,64.9,6.6,165.4,54,maize
59,45,44,28.0,69.9,6.7,167.2,55,cotton
55,56,46,25.4,55.1,6.7,108.4,39,wheat
47,32,31,27.2,58.8,5.5,85.2,26,barley
79,52,50,28.5,71.4,6.5,209.3,75,sugarcane
76,57,38,24.0,76.6,6.9,185.9,48,maize
71,35,59,28.1,78.4,6.8,153.7,68,groundnut
58,48,50,28.9,68.2,6.4,160.4,53,cotton
74,31,59,28.2,76.0,6.6,151.6,62,groundnut
83,51,48,22.9,85.1,6.5,204.7,73,rice
25,25,21,25.8,82.3,6.2,239.6,76,pulses
68,34,63,29.0,73.1,6.6,173.2,57,groundnut
74,44,51,27.0,74.0,6.8,203.9,78,sugarcane
46,36,40,27.3,56.6,6.0,105.2,26,barley
73,33,65,27.4,71.4,6.8,145.5,56,groundnut
86,56,45,26.0,65.3,6.9,143.9,48,maize
29,35,24,24.2,81.8,5.9,205.7,79,pulses
28,29,21,22.1,84.4,6.0,240.9,78,pulses
36,47,50,29.5,59.4,6.3,92.3,28,millet
50,45,41,28.4,71.2,6.4,120.1,54,cotton
41,53,49,29.2,55.5,6.1,107.1,28,millet
90,55,37,22.4,76.1,6.7,177.7,52,maize
74,41,50,26.6,77.4,6.3,266.2,82,sugarcane
36,53,54,29.4,53.4,6.1,101.1,27,millet
46,35,38,27.4,64.3,5.7,102.4,27,barley
71,30,59,29.6,72.9,6.9,173.0,59,groundnut
37,48,50,30.8,53.9,6.5,106.3,31,millet
63,52,41,23.2,69.2,7.2,100.1,37,wheat
44,54,50,29.3,59.8,6.5,102.8,35,millet
51,42,46,31.2,74.8,6.4,174.2,52,cotton
67,47,47,26.1,69.1,6.8,109.8,40,wheat
52,56,49,26.6,55.9,7.0,107.2,35,wheat
27,34,29,22.3,86.4,5.7,214.6,65,pulses
73,40,65,25.9,73.3,6.5,153.9,61,groundnut
74,50,55,28.6,75.0,6.6,276.7,81,sugarcane
75,39,65,28.3,77.5,6.8,156.0,67,groundnut
37,53,52,31.4,54.8,6.1,82.1,35,millet
88,40,55,24.8,88.3,6.5,236.2,68,rice
52,47,44,27.4,66.5,6.3,153.8,59,cotton
71,53,38,24.5,61.3,6.6,162.9,60,maize
47,37,32,26.9,58.3,5.9,105.9,29,barley
69,55,52,26.5,74.4,6.5,201.7,72,sugarcane
51,42,43,31.9,68.7,6.2,166.7,63,cotton
57,46,50,26.5,67.8,6.5,115.3,40,wheat
36,47,47,31.4,51.4,6.3,90.3,31,millet
67,58,40,23.8,67.4,7.0,105.6,40,wheat
90,51,44,23.9,64.5,6.8,190.4,45,maize
53,46,42,29.1,70.0,6.4,148.4,65,cotton
89,52,39,24.3,68.6,6.7,126.2,47,maize
56,53,47,27.8,56.2,7.0,106.2,45,wheat
94,46,45,24.7,78.4,6.3,221.7,77,rice
41,53,52,30.0,58.1,6.3,103.5,31,millet
60,49,44,27.2,72.0,6.7,139.1,58,cotton
41,49,50,30.0,50.7,6.1,97.2,30,millet
72,34,64,29.6,78.7,6.6,162.0,57,groundnut
58,49,45,27.9,67.3,6.4,130.2,53,cotton
24,26,20,25.6,84.6,5.7,183.7,79,pulses
66,60,48,27.6,57.0,6.6,111.7,41,wheat
53,44,42,30.9,74.3,6.5,123.9,64,cotton
81,51,39,22.6,71.2,6.7,185.5,55,maize
68,55,55,28.6,73.1,6.7,291.1,75,sugarcane
42,51,51,28.3,57.9,6.5,99.7,29,millet
22,29,24,23.4,80.4,6.1,207.6,78,pulses
88,53,42,22.7,75.0,6.7,121.0,46,maize
60,41,50,31.8,70.4,6.5,175.2,52,cotton
70,51,61,25.6,81.5,6.7,292.4,75,sugarcane
54,30,39,26.7,56.4,5.8,92.0,35,barley
25,31,26,25.9,85.7,6.1,229.6,76,pulses
44,47,52,30.1,58.8,6.0,80.4,28,millet
70,33,58,30.0,72.4,6.7,174.6,58,groundnut
62,47,43,23.8,58.9,6.7,130.3,44,wheat
57,51,48,23.0,63.3,6.9,127.2,35,wheat
47,40,33,25.7,63.8,6.1,87.9,29,barley
48,40,39,29.5,61.2,6.0,114.2,27,barley
56,48,42,28.9,72.7,6.3,125.5,63,cotton
72,43,64,26.5,78.8,6.7,264.3,74,sugarcane
45,52,46,30.5,59.9,6.5,101.9,34,millet
71,50,55,30.0,79.8,6.8,258.9,78,sugarcane
20,28,28,25.0,83.9,6.0,221.5,75,pulses
80,60,36,25.1,73.3,6.9,139.8,48,maize
42,51,54,28.2,56.3,6.4,117.6,33,millet
97,43,57,20.6,80.4,6.6,208.9,70,rice
49,40,32,28.6,56.0,5.8,82.6,32,barley
50,31,30,26.0,56.9,5.8,84.9,34,barley
94,52,48,22.4,86.2,6.1,196.4,77,rice
66,40,61,29.4,74.2,6.9,145.3,60,groundnut
88,54,41,25.4,73.9,6.6,156.8,59,maize
30,31,28,23.8,83.5,5.6,233.3,76,pulses
55,48,46,27.8,70.3,6.6,140.5,60,cotton
45,52,52,29.2,52.9,6.0,91.5,33,millet
24,34,26,23.0,86.4,6.1,233.3,76,pulses
83,47,52,23.0,77.8,6.5,248.8,74,rice
98,43,54,22.5,89.9,6.4,232.4,71,rice
51,49,41,31.1,65.3,6.3,147.9,52,cotton
75,36,60,26.4,72.7,6.6,174.5,61,groundnut
49,30,33,27.1,59.8,6.1,101.7,27,barley
75,57,39,23.6,74.1,6.6,122.5,57,maize
21,28,23,24.6,84.9,6.2,237.1,70,pulses
80,54,42,22.7,80.2,6.0,213.5,69,rice
53,48,47,29.6,73.1,6.7,168.1,59,cotton
87,54,41,23.7,67.0,6.7,155.3,50,maize
55,31,39,29.4,60.7,5.7,83.3,32,barley
90,52,40,25.3,79.7,6.6,158.5,53,maize
24,32,21,23.8,84.0,6.0,240.1,74,pulses
42,47,49,31.5,52.8,6.2,90.1,35,millet
53,42,40,27.1,69.6,6.2,127.6,62,cotton
66,53,63,25.1,71.6,6.4,213.8,75,sugarcane
54,44,50,29.5,72.4,6.6,147.4,52,cotton
54,53,49,22.4,64.0,6.8,139.4,36,wheat
82,44,44,21.5,76.2,6.5,241.6,76,rice
29,28,27,24.6,85.8,5.5,195.8,80,pulses
70,59,36,23.0,69.7,6.5,159.8,48,maize
41,47,53,28.0,54.1,6.1,105.8,27,millet
72,30,56,29.0,73.2,6.9,169.8,64,groundnut
69,55,45,27.7,59.9,7.0,142.1,38,wheat
70,60,35,25.2,70.5,6.5,173.7,50,maize
93,52,49,24.1,84.6,6.4,193.2,75,rice
73,40,57,29.6,74.4,6.9,169.5,61,groundnut
25,34,27,25.9,86.8,5.7,185.1,67,pulses
70,35,64,25.4,78.6,6.8,151.4,70,groundnut
76,55,60,27.5,81.9,6.7,249.7,82,sugarcane
54,36,35,27.9,55.4,5.5,106.4,27,barley
43,52,45,30.9,58.9,6.0,102.3,32,millet
89,57,41,25.8,75.3,6.5,181.2,60,maize
80,57,52,23.6,76.2,6.6,184.3,64,rice
72,55,41,25.8,72.2,7.0,149.7,54,maize
84,46,46,24.1,75.9,6.6,196.9,67,rice
27,33,23,25.8,80.3,6.2,230.3,77,pulses
35,52,54,28.4,56.6,6.4,111.2,25,millet
84,56,42,22.5,68.7,6.8,162.7,53,maize
71,51,58,29.2,79.1,6.9,206.0,83,sugarcane
76,51,36,23.7,67.3,6.8,170.3,54,maize
42,50,53,30.8,53.5,6.2,89.3,32,millet
44,46,47,31.0,57.5,6.3,100.3,34,millet
30,35,23,25.2,86.3,5.8,249.5,78,pulses
69,48,63,29.3,82.6,6.6,266.9,84,sugarcane
82,57,35,25.8,61.0,6.7,160.1,55,maize
84,42,47,24.4,89.9,6.1,189.3,71,rice
95,59,52,23.5,88.6,6.4,222.7,75,rice
76,52,52,29.0,75.6,6.2,273.8,75,sugarcane
46,35,36,28.6,57.6,5.9,87.9,28,barley
68,34,62,29.4,72.8,6.9,144.0,70,groundnut
43,55,54,28.9,54.8,6.4,100.6,26,millet
55,43,40,28.5,71.8,6.6,139.4,64,cotton
25,35,30,25.7,86.2,5.8,203.5,80,pulses
35,48,55,28.1,55.4,6.4,80.3,35,millet
90,50,43,22.1,85.0,6.5,187.8,79,rice
50,54,49,24.8,59.7,7.0,133.0,42,wheat
81,44,40,21.8,79.8,6.7,222.0,73,rice
20,32,21,23.7,87.9,5.6,243.9,71,pulses
67,37,61,27.7,72.5,6.9,172.3,58,groundnut
55,48,50,24.8,61.7,6.9,120.6,40,wheat
56,45,40,31.4,66.2,6.3,132.6,56,cotton
68,54,52,27.6,76.1,6.8,264.1,78,sugarcane
52,48,50,26.4,55.1,7.1,122.8,35,wheat
43,52,49,29.0,50.3,6.0,93.6,25,millet
100,41,42,24.8,83.9,6.6,222.9,71,rice
95,43,53,23.8,89.8,6.1,198.2,61,rice
74,43,62,27.8,86.9,6.6,233.8,81,sugarcane
51,39,34,28.6,64.3,5.8,111.7,35,barley
50,36,31,27.4,58.4,6.0,87.1,27,barley
79,40,59,26.3,81.9,6.2,237.9,77,sugarcane
72,44,63,25.5,74.3,6.5,285.8,81,sugarcane
57,44,44,31.8,69.8,6.5,120.7,57,cotton
67,47,46,27.3,65.4,6.5,137.1,39,wheat
66,31,65,29.5,77.4,6.7,147.2,67,groundnut
69,35,60,27.5,71.5,6.6,175.0,60,groundnut
24,27,21,22.2,88.5,5.5,244.5,70,pulses
95,47,60,20.2,85.5,6.7,242.6,65,rice
29,27,20,25.6,81.6,6.0,196.8,75,pulses
21,31,22,23.7,89.0,6.2,217.5,67,pulses
66,40,59,27.6,74.7,6.8,237.4,84,sugarcane
59,42,41,27.5,70.3,6.6,175.4,65,cotton
79,54,59,28.9,78.8,6.7,231.6,81,sugarcane
80,43,50,27.7,76.6,6.6,210.3,78,sugarcane
45,36,34,27.8,59.9,6.2,104.4,33,barley
54,46,48,29.2,66.9,6.7,131.0,54,cotton
55,32,38,26.3,64.1,6.1,88.0,31,barley
90,46,45,23.3,90.0,6.7,202.2,61,rice
74,36,65,27.6,77.0,6.9,172.2,57,groundnut
86,50,50,23.5,83.7,6.6,209.2,77,rice
42,52,52,30.0,52.3,6.1,99.9,26,millet
54,46,45,29.9,72.9,6.5,140.6,52,cotton
54,39,36,26.0,63.4,5.8,118.8,26,barley
84,58,57,22.6,80.8,6.5,245.5,77,rice
52,31,31,25.6,60.0,5.7,119.8,31,barley
54,48,46,25.6,64.0,6.8,116.7,35,wheat
38,54,49,30.3,56.2,6.3,104.1,27,millet
77,54,37,21.5,60.4,6.7,146.3,54,maize
91,54,48,24.0,86.2,6.2,222.7,79,rice
69,40,62,29.3,77.1,6.7,175.5,61,groundnut
69,33,55,26.3,76.4,6.9,143.6,64,groundnut
83,52,60,22.4,83.8,6.6,222.4,69,rice
51,47,41,30.0,67.7,6.7,153.1,61,cotton
36,51,51,30.7,54.4,6.5,119.9,34,millet
55,32,31,25.1,62.7,5.7,95.8,29,barley
70,57,49,27.8,57.7,7.0,126.5,40,wheat
22,30,29,25.3,87.4,6.1,246.7,79,pulses
90,55,42,25.2,66.5,6.6,177.9,45,maize
65,31,62,27.8,77.4,6.8,172.5,56,groundnut
59,46,45,29.8,67.7,6.5,147.8,54,cotton
68,33,60,29.9,71.5,6.7,146.4,66,groundnut
68,50,43,27.6,58.9,7.1,141.1,41,wheat
58,48,43,31.9,73.9,6.8,121.8,50,cotton
67,55,44,27.8,64.5,6.6,114.1,44,wheat
75,34,65,25.0,70.7,6.8,160.8,70,groundnut
89,56,37,21.1,64.4,6.6,199.3,45,maize
52,35,40,28.6,61.2,6.1,117.6,34,barley
74,32,63,26.8,75.0,6.9,140.3,55,groundnut
59,57,49,26.5,69.3,6.9,140.7,36,wheat
64,49,48,26.0,66.7,6.8,114.8,38,wheat
73,51,63,25.2,86.8,6.4,277.5,70,sugarcane
87,50,38,23.7,65.8,6.9,199.9,52,maize
75,36,58,28.5,78.4,6.7,158.6,69,groundnut
24,26,23,25.7,85.9,5.8,242.4,79,pulses
95,44,59,20.8,89.6,6.7,204.8,69,rice
51,43,40,30.1,70.2,6.5,136.4,52,cotton
37,47,55,31.1,58.9,6.1,96.1,31,millet
88,51,47,22.8,85.3,6.0,237.8,61,rice
29,31,21,25.4,85.5,5.9,181.6,79,pulses
54,42,43,30.8,72.6,6.7,124.6,52,cotton
70,38,62,29.7,77.2,6.9,172.0,60,groundnut
52,31,40,29.9,62.6,5.7,93.3,30,barley
99,46,51,24.5,86.7,6.1,236.8,79,rice
70,54,64,26.9,82.0,6.5,223.3,79,sugarcane
54,42,40,31.6,68.0,6.7,171.5,57,cotton
42,53,51,29.9,51.9,6.3,88.5,27,millet
41,53,48,28.8,51.2,6.1,104.8,34,millet
70,50,39,25.3,75.8,6.5,167.2,51,maize
60,52,46,22.1,65.7,6.9,101.8,42,wheat
84,45,60,20.6,84.9,6.1,240.8,66,rice
89,57,42,24.4,60.2,6.8,183.0,50,maize
87,47,55,24.7,89.0,6.1,239.3,80,rice
54,48,42,30.5,69.8,6.2,158.6,57,cotton
39,50,47,28.9,54.1,6.3,115.0,25,millet
53,54,50,27.9,67.9,6.7,146.0,41,wheat
54,51,47,23.7,63.6,7.0,122.1,43,wheat
42,54,53,29.9,59.5,6.3,107.0,33,millet
39,50,49,31.4,59.7,6.5,86.5,30,millet
68,39,61,25.6,75.7,6.5,168.1,62,groundnut
81,52,37,25.6,74.7,6.9,183.2,57,maize
54,33,35,29.8,58.1,5.7,80.9,25,barley
100,45,59,23.3,81.3,6.0,249.4,78,rice
55,40,39,28.5,58.7,6.0,93.3,26,barley
47,33,35,25.3,64.4,6.2,109.7,27,barley
69,51,58,25.1,85.1,6.2,242.1,85,sugarcane
37,50,52,29.2,54.3,6.0,80.0,30,millet
30,33,25,24.6,85.6,5.6,211.4,72,pulses
30,27,28,23.0,80.9,5.8,182.9,78,pulses
50,46,49,29.0,71.9,6.5,157.9,62,cotton
28,31,24,24.9,81.0,6.0,219.5,75,pulses
83,58,46,20.1,84.4,6.8,212.2,70,rice
83,51,35,23.6,60.7,6.7,197.4,57,maize
89,56,38,24.2,70.0,6.5,188.4,49,maize
96,50,55,20.1,88.6,6.3,236.2,75,rice
55,50,47,31.1,73.7,6.6,148.1,54,cotton
20,33,30,22.9,87.3,5.9,227.8,76,pulses
42,45,54,28.1,51.3,6.2,101.9,25,millet
60,60,46,26.6,56.4,6.6,144.3,42,wheat
73,40,58,28.4,74.2,6.5,216.2,84,sugarcane
68,55,50,29.7,72.1,6.4,227.1,79,sugarcane
20,27,26,25.1,83.8,5.8,196.3,67,pulses
44,47,51,28.2,50.7,6.2,99.8,25,millet
36,54,50,28.2,50.6,6.1,94.9,31,millet
77,58,44,25.8,77.5,6.9,168.5,59,maize
74,40,60,28.6,78.0,6.3,255.0,79,sugarcane
70,31,58,26.3,71.7,6.9,158.7,58,groundnut
96,54,43,21.6,78.3,6.2,206.5,66,rice
65,38,55,25.7,77.5,6.8,174.3,66,groundnut
52,41,43,27.7,69.8,6.5,178.9,50,cotton
76,48,57,25.7,86.0,6.9,269.2,74,sugarcane
66,39,55,28.7,79.6,6.9,154.9,61,groundnut
55,46,50,24.6,62.3,7.0,100.7,36,wheat
23,27,23,24.4,84.6,5.6,191.4,75,pulses
96,46,53,24.5,84.0,6.7,216.0,80,rice
53,41,46,29.9,72.8,6.7,172.0,62,cotton
53,50,40,31.3,74.4,6.3,178.5,63,cotton
70,35,65,29.9,79.0,6.7,170.7,67,groundnut
57,53,46,24.3,60.9,7.2,141.7,36,wheat
41,46,46,31.3,50.1,6.2,101.1,32,millet
72,51,42,26.0,77.9,6.8,139.1,50,maize
82,51,41,21.6,62.0,6.7,183.4,60,maize
21,25,27,23.5,86.8,6.0,201.4,75,pulses
82,40,45,22.0,79.0,6.2,241.5,66,rice
54,47,42,30.0,71.9,6.6,138.8,63,cotton
39,45,45,31.8,54.5,6.4,106.4,31,millet
43,48,46,31.3,53.5,6.4,89.4,30,millet
47,30,40,27.0,62.2,6.1,112.3,33,barley
72,54,58,26.3,73.0,6.4,201.5,83,sugarcane
80,55,58,29.9,87.7,6.4,234.4,79,sugarcane
54,37,35,26.2,61.1,5.7,107.3,32,barley
71,48,52,29.3,79.3,6.5,248.5,77,sugarcane
72,40,56,29.9,72.6,6.6,156.2,67,groundnut
28,25,27,22.5,85.3,5.6,204.4,65,pulses
80,44,52,26.8,88.2,6.4,251.8,81,sugarcane
89,58,36,24.8,64.8,6.7,144.6,52,maize
44,51,45,31.8,57.4,6.0,117.0,25,millet
41,46,53,28.6,52.0,6.1,82.1,31,millet
74,33,61,25.6,76.4,6.8,169.1,68,groundnut
73,43,52,28.8,71.9,6.9,279.2,71,sugarcane
22,28,26,24.4,87.8,6.1,248.8,67,pulses
68,48,48,26.2,56.7,6.6,129.6,40,wheat
82,40,57,22.6,89.7,6.5,208.7,63,rice
27,26,23,26.0,84.7,5.6,224.4,72,pulses
40,54,49,28.5,58.5,6.3,101.3,30,millet
97,54,52,21.6,85.5,6.0,209.4,70,rice
73,46,57,27.5,79.6,6.4,296.0,83,sugarcane
54,36,30,28.1,64.0,5.6,83.2,30,barley
66,40,57,29.2,78.4,6.8,161.3,70,groundnut
68,54,52,26.3,79.2,6.8,254.1,72,sugarcane
43,47,55,30.1,58.4,6.3,107.1,26,millet
63,51,43,26.3,59.1,6.9,113.7,44,wheat
60,60,46,27.6,61.4,6.9,121.7,44,wheat
59,46,41,30.8,67.1,6.5,145.6,52,cotton
55,56,48,27.1,55.4,6.7,141.3,43,wheat
51,41,44,29.0,66.0,6.5,158.0,54,cotton
52,40,44,28.9,73.9,6.5,166.3,54,cotton
88,54,40,21.7,84.3,6.1,180.4,74,rice
54,42,44,27.1,66.5,6.2,123.0,50,cotton
52,42,47,27.4,74.5,6.3,153.4,57,cotton
38,54,53,28.4,55.2,6.2,89.1,31,millet
54,36,30,28.6,57.5,5.6,83.4,29,barley
25,35,26,23.8,89.1,5.8,203.2,66,pulses
37,52,48,28.5,53.8,6.4,108.0,29,millet
86,57,55,21.4,81.1,6.1,199.7,62,rice
66,54,42,26.3,66.5,7.0,112.7,40,wheat
66,31,64,28.0,73.2,6.9,151.8,58,groundnut
20,30,29,23.2,84.8,6.1,201.7,74,pulses
97,59,59,23.5,87.5,6.7,231.1,76,rice
53,37,34,26.3,60.7,6.0,89.5,32,barley
51,47,44,29.4,71.4,6.8,145.0,54,cotton
74,42,65,28.9,83.8,6.2,202.3,83,sugarcane
75,30,61,25.9,70.1,6.6,140.2,65,groundnut
47,30,30,27.2,62.3,5.9,112.6,27,barley
51,33,34,29.2,64.3,5.9,86.2,28,barley
70,52,41,25.4,65.0,6.7,125.6,54,maize
72,60,42,23.1,61.9,6.6,128.7,55,maize
27,25,20,24.3,88.4,6.1,197.2,66,pulses
70,40,60,29.2,76.1,6.7,280.4,84,sugarcane
98,54,45,22.6,86.6,6.4,215.8,77,rice
61,49,49,24.9,66.3,7.0,102.7,37,wheat
64,45,41,23.4,56.8,6.6,143.5,37,wheat
80,53,63,28.9,81.8,6.6,278.4,82,sugarcane
44,55,49,29.0,54.5,6.1,117.3,33,millet
53,30,35,28.7,62.2,6.2,109.9,32,barley
73,54,35,24.8,79.8,6.9,151.4,48,maize
42,51,55,31.6,58.6,6.3,107.4,33,millet
30,32,26,25.4,86.9,5.7,201.7,70,pulses
62,60,45,22.2,60.5,6.8,139.2,44,wheat
71,46,50,28.5,75.7,6.5,208.2,73,sugarcane
39,50,45,28.8,57.3,6.0,89.2,31,millet
49,36,30,30.0,64.3,5.6,110.3,27,barley
35,52,54,30.4,56.8,6.4,101.5,34,millet
35,51,53,29.1,53.8,6.3,111.8,27,millet
87,57,35,21.5,71.8,6.9,178.2,53,maize
70,34,58,25.1,71.7,6.7,145.8,58,groundnut
50,33,34,29.9,60.7,5.5,119.6,31,barley
39,55,48,31.6,59.9,6.1,85.2,32,millet
65,45,45,26.9,57.9,6.7,103.3,45,wheat
72,40,64,29.0,78.9,6.6,157.9,55,groundnut
70,38,61,29.9,73.1,6.6,151.0,65,groundnut
38,45,54,30.6,58.0,6.1,104.1,26,millet
45,46,49,30.2,50.1,6.1,92.5,30,millet
93,57,57,23.8,75.2,6.1,203.0,71,rice
74,58,45,21.3,77.8,6.9,141.0,54,maize
50,45,44,25.1,60.4,7.2,113.6,45,wheat
79,53,63,27.1,82.0,6.4,246.3,74,sugarcane
51,32,32,28.3,62.8,6.2,95.8,31,barley
95,44,43,23.5,85.2,6.8,222.5,62,rice
69,54,50,25.7,71.7,6.5,222.9,77,sugarcane
29,34,22,25.3,81.5,6.2,234.7,78,pulses
88,54,42,23.0,77.3,6.7,194.5,47,maize
74,30,65,28.9,78.3,6.6,142.4,56,groundnut
44,48,45,31.6,59.5,6.5,95.3,35,millet
67,59,47,24.6,68.3,6.6,111.2,36,wheat
97,40,53,22.5,78.3,6.2,215.4,78,rice
49,32,32,29.9,62.4,5.7,96.4,33,barley
92,50,53,24.6,76.3,6.5,188.8,78,rice
85,60,48,21.3,76.6,6.2,213.0,69,rice
67,49,62,29.4,72.2,6.6,264.8,77,sugarcane
88,43,43,22.6,88.2,6.6,201.9,79,rice
67,40,65,27.7,78.7,6.8,141.0,66,groundnut
53,35,37,28.7,55.9,5.6,99.0,27,barley
83,60,37,24.6,69.1,6.9,151.4,55,maize
89,59,37,25.4,77.8,6.9,136.1,58,maize
21,25,26,23.9,84.8,6.2,212.4,76,pulses
86,55,38,21.1,78.5,6.7,152.8,59,maize
72,52,42,22.3,61.9,6.7,176.0,47,maize
60,42,40,27.7,66.9,6.7,163.7,59,cotton
72,37,61,25.3,72.6,7.0,172.0,70,groundnut
50,38,37,28.8,55.1,5.7,118.7,33,barley
29,35,24,23.7,87.6,5.6,181.4,72,pulses
73,37,64,27.0,72.4,6.8,174.6,63,groundnut
85,43,49,23.5,88.3,6.2,185.7,67,rice
79,43,64,25.1,70.3,6.4,285.4,77,sugarcane
52,46,44,26.1,68.4,7.2,118.6,35,wheat
38,51,45,31.9,58.1,6.2,89.1,34,millet
77,53,61,29.5,77.0,6.5,286.6,75,sugarcane
74,36,58,28.0,71.2,6.7,146.0,63,groundnut
50,50,45,31.4,67.9,6.5,131.2,59,cotton
20,27,23,24.9,83.8,5.6,242.5,73,pulses
27,25,21,25.1,88.6,5.7,201.3,76,pulses
44,49,47,30.5,52.6,6.2,103.0,28,millet
50,38,33,26.6,55.5,6.1,103.0,28,barley
20,25,21,25.8,89.3,5.6,223.6,66,pulses
57,43,40,31.0,73.3,6.7,143.8,51,cotton
63,57,49,27.7,61.8,7.1,145.9,39,wheat
68,46,61,28.0,85.6,6.3,298.2,76,sugarcane
46,39,36,26.6,57.8,5.7,102.3,25,barley
98,60,51,20.8,79.8,6.7,226.1,65,rice
27,29,29,24.3,89.7,5.5,213.2,74,pulses
49,36,40,27.2,64.5,5.8,110.6,26,barley
80,55,40,22.1,83.1,6.2,191.4,62,rice
73,58,40,24.0,72.8,6.5,169.0,58,maize
59,40,50,30.0,73.3,6.6,175.7,52,cotton
83,52,37,22.6,61.1,6.7,160.5,46,maize
72,37,56,29.0,77.1,6.5,174.8,58,groundnut
51,37,38,27.7,61.5,5.6,117.9,27,barley
75,40,57,29.8,78.8,6.8,154.0,58,groundnut
66,35,64,27.9,74.7,6.7,149.9,62,groundnut
88,43,45,23.7,84.5,6.5,197.4,60,rice
55,56,48,23.8,56.5,7.2,140.2,35,wheat
68,46,61,27.7,77.8,6.8,212.9,72,sugarcane
28,30,29,22.1,85.3,5.7,249.6,77,pulses
75,52,41,25.0,74.2,6.8,192.5,47,maize
80,54,40,23.0,62.9,6.8,163.4,57,maize
70,54,36,24.0,64.7,6.7,194.0,46,maize
36,55,47,30.1,50.4,6.2,114.0,25,millet
96,58,48,23.2,83.5,6.6,192.2,73,rice
81,49,60,24.1,88.7,6.3,233.6,68,rice
65,57,42,22.1,69.2,7.0,142.2,45,wheat
79,44,54,29.0,86.6,6.8,267.4,71,sugarcane
84,43,46,23.5,87.4,6.7,244.4,65,rice
53,48,50,29.1,68.5,6.7,140.5,52,cotton
51,40,32,26.2,61.6,6.1,90.6,26,barley
76,46,56,26.5,89.4,6.5,220.7,85,sugarcane
55,39,40,29.6,57.9,5.7,116.1,25,barley
47,30,38,27.8,60.7,5.6,117.5,33,barley
22,33,25,23.9,83.4,6.1,213.3,74,pulses
29,26,25,25.6,85.5,5.5,192.1,74,pulses
65,45,47,23.7,57.0,6.7,145.7,44,wheat
88,59,50,20.4,84.3,6.3,239.2,63,rice
40,47,52,30.1,54.5,6.2,81.4,26,millet
21,34,25,25.5,80.7,5.9,217.6,73,pulses
56,49,43,27.8,62.3,6.8,136.7,41,wheat
61,57,43,22.9,55.4,6.7,145.5,42,wheat
91,50,46,21.5,83.7,6.6,228.2,71,rice
51,42,43,27.3,65.8,6.5,121.0,63,cotton
92,45,57,21.0,76.6,6.3,230.6,68,rice
53,47,43,27.2,66.4,7.2,140.9,45,wheat
49,32,40,26.9,58.1,5.9,92.7,33,barley
52,39,32,25.7,62.5,5.8,105.3,33,barley
65,51,50,26.3,81.0,6.5,238.7,81,sugarcane
70,45,44,22.5,58.1,7.0,109.7,38,wheat
95,60,50,24.4,81.4,6.5,218.9,71,rice
65,37,61,30.0,78.8,6.5,154.8,68,groundnut
54,50,43,30.4,73.1,6.5,140.0,56,cotton
20,28,23,23.0,81.4,6.0,243.7,75,pulses
23,35,27,22.1,85.1,5.7,200.4,77,pulses
67,38,65,26.4,76.9,6.7,164.4,65,groundnut
69,39,55,29.0,70.4,6.6,146.8,64,groundnut
58,49,50,29.0,65.6,6.3,133.5,64,cotton
60,49,45,25.9,69.0,6.6,117.6,44,wheat
25,34,21,22.6,89.4,5.8,246.1,75,pulses
76,53,62,28.4,75.1,6.7,265.4,80,sugarcane
27,34,30,24.9,82.2,5.5,245.8,69,pulses
81,57,37,23.7,76.1,6.8,159.2,45,maize
88,53,44,21.5,61.2,6.6,165.6,53,maize
84,58,38,25.8,62.2,6.6,147.8,45,maize
67,35,58,26.7,73.5,6.6,156.1,64,groundnut
85,45,42,20.1,76.5,6.3,181.4,79,rice
51,34,33,27.6,59.8,5.9,109.5,33,barley
53,33,39,25.5,59.4,5.5,82.2,34,barley
72,39,62,28.0,73.2,6.9,150.0,58,groundnut
45,37,30,25.2,57.0,5.8,89.4,32,barley
94,57,60,24.5,84.0,6.7,246.8,66,rice
75,43,63,27.9,70.3,6.3,221.8,72,sugarcane
35,45,54,31.3,50.0,6.3,88.5,26,millet
42,45,53,31.2,58.1,6.4,87.5,25,millet
47,32,31,29.3,60.0,5.8,88.1,25,barley
69,54,54,25.1,76.4,6.3,298.7,73,sugarcane
56,46,44,29.1,71.2,6.8,123.4,50,cotton
49,39,37,28.6,57.1,5.8,102.0,34,barley
95,47,50,21.7,86.4,6.6,224.2,75,rice
68,56,45,23.2,60.2,7.2,117.4,45,wheat
47,35,32,25.1,63.8,5.7,106.3,30,barley
84,48,57,22.4,75.9,6.2,214.1,76,rice
42,45,52,30.1,58.8,6.5,89.3,27,millet
45,32,34,29.4,61.4,5.7,116.9,29,barley
70,30,65,29.4,79.2,6.7,175.5,56,groundnut
79,49,57,27.3,84.5,6.6,254.1,70,sugarcane
70,35,59,26.3,77.8,6.7,172.4,58,groundnut
80,60,43,25.9,72.3,6.6,178.2,52,maize
87,60,35,22.4,68.3,6.6,135.7,55,maize
84,50,35,21.6,71.1,6.7,167.1,45,maize
42,52,47,31.9,53.0,6.3,104.1,25,millet
60,47,46,30.2,68.5,6.4,127.4,59,cotton
90,49,49,24.7,82.2,6.1,189.9,70,rice
56,40,46,28.4,69.7,6.3,151.5,50,cotton
24,29,22,25.0,81.7,5.8,191.6,66,pulses
23,32,29,22.2,80.4,6.0,222.0,67,pulses
61,45,40,23.5,61.9,6.7,110.3,43,wheat
81,52,43,24.3,70.2,6.6,170.8,59,maize
71,38,64,29.1,72.1,7.0,174.6,69,groundnut
23,25,25,24.8,88.0,5.6,194.4,80,pulses
72,49,50,25.4,83.9,6.3,264.3,77,sugarcane
30,33,22,22.7,89.1,6.0,184.4,71,pulses
70,31,58,27.6,72.3,6.7,175.4,62,groundnut
68,35,60,28.7,76.2,6.5,173.3,70,groundnut
48,38,30,28.1,56.8,6.0,105.9,35,barley
22,27,29,23.4,89.1,6.2,226.4,67,pulses
35,55,51,30.1,55.4,6.3,108.0,25,millet
71,51,37,24.9,65.7,6.9,151.5,51,maize
72,59,42,24.4,70.2,6.9,133.5,50,maize
93,53,40,24.2,77.5,6.8,240.4,73,rice
75,32,57,29.3,75.6,7.0,179.3,69,groundnut
67,45,61,26.0,82.3,6.7,224.6,77,sugarcane
50,31,31,28.0,56.3,5.7,117.5,28,barley
65,34,58,27.3,76.1,6.6,152.8,67,groundnut
21,25,23,23.6,81.1,5.8,191.1,78,pulses
52,31,31,25.3,59.0,5.6,112.8,33,barley
30,32,21,23.3,88.9,5.9,214.5,67,pulses
54,48,49,31.7,70.8,6.4,124.5,52,cotton
84,44,45,20.9,78.8,6.7,250.0,62,rice
43,51,53,29.0,59.7,6.1,105.6,34,millet
52,50,48,28.0,65.2,6.8,129.8,59,cotton
43,46,52,28.6,51.0,6.2,83.5,34,millet
80,47,51,25.6,78.7,6.6,209.7,78,sugarcane
55,44,49,29.8,69.3,6.6,122.7,50,cotton
79,58,43,23.5,71.3,6.8,138.5,49,maize
50,48,42,30.2,71.4,6.2,141.6,55,cotton
73,60,36,23.8,70.4,6.6,130.4,52,maize
25,31,25,23.0,87.1,5.6,181.5,78,pulses
26,26,24,25.7,81.2,5.8,203.7,69,pulses
92,49,42,20.9,77.2,6.7,218.4,79,rice
44,48,45,29.4,58.7,6.0,115.4,31,millet
24,28,21,25.6,89.2,5.8,224.7,74,pulses
47,38,35,28.5,58.4,5.7,114.8,28,barley
60,40,45,29.0,69.7,6.7,141.4,60,cotton
27,33,27,25.5,89.8,5.7,239.0,65,pulses
73,47,53,29.0,74.9,6.3,202.3,78,sugarcane
29,34,30,25.1,85.6,6.1,186.1,79,pulses
75,43,64,28.5,87.2,6.7,223.6,81,sugarcane
81,60,37,21.5,74.3,6.6,185.9,49,maize
36,54,51,28.9,56.3,6.4,104.6,33,millet
50,38,32,26.8,63.1,5.6,114.3,33,barley
81,59,38,25.0,77.0,6.5,155.0,59,maize
83,60,43,24.1,70.1,6.8,198.6,47,maize
26,32,28,22.6,80.4,6.0,186.9,72,pulses
29,32,20,22.3,88.7,5.7,224.7,69,pulses
86,56,43,24.2,71.4,6.6,146.3,46,maize
74,30,60,26.0,79.8,6.7,142.1,60,groundnut
57,45,46,27.6,57.2,6.9,108.1,39,wheat
72,34,61,28.5,76.7,7.0,172.9,61,groundnut
53,50,50,27.1,56.9,6.6,130.6,43,wheat
52,50,48,22.3,62.6,6.7,110.0,40,wheat
46,40,35,29.6,55.7,5.6,94.5,30,barley
44,55,47,30.0,51.8,6.2,95.8,28,millet
45,51,46,31.4,53.8,6.5,87.4,28,millet
75,40,62,27.8,71.7,6.4,282.6,76,sugarcane
67,56,44,26.2,61.9,6.5,120.6,42,wheat
58,50,43,24.2,68.8,7.2,129.7,35,wheat
60,43,43,28.3,71.5,6.7,164.7,52,cotton
73,49,58,26.5,77.6,6.6,256.0,71,sugarcane
45,52,55,30.4,54.0,6.3,112.1,25,millet
29,33,24,24.6,82.4,5.8,219.4,73,pulses
40,48,45,29.9,54.3,6.1,96.3,30,millet
70,57,49,27.9,64.3,6.6,143.2,42,wheat
74,58,43,21.4,72.6,6.6,158.3,49,maize
45,50,53,31.4,57.8,6.1,119.2,25,millet
56,49,47,28.7,74.5,6.4,158.0,58,cotton
70,37,60,28.7,78.6,6.9,143.8,62,groundnut
30,33,29,23.2,80.7,5.7,244.1,69,pulses
52,31,38,29.4,63.8,6.1,119.4,27,barley
55,42,41,31.7,70.8,6.7,127.2,51,cotton
96,48,52,24.7,78.0,6.3,203.4,62,rice
65,39,57,27.1,70.3,6.7,156.1,55,groundnut
22,29,28,25.4,88.2,5.6,234.0,75,pulses
68,53,51,25.1,74.1,6.3,200.6,78,sugarcane
53,36,37,29.0,64.9,5.5,95.2,30,barley
52,36,32,28.3,60.6,5.8,119.8,30,barley
88,52,35,25.3,73.2,6.5,150.2,57,maize
52,45,49,22.2,56.2,6.7,109.1,42,wheat
78,53,38,22.1,79.7,6.9,199.7,48,maize
43,45,48,28.2,52.3,6.4,90.3,28,millet
61,48,43,23.0,65.9,6.8,114.2,36,wheat
80,54,58,29.0,86.9,6.9,210.5,82,sugarcane
70,38,59,29.5,77.3,7.0,142.0,60,groundnut
71,39,60,27.5,71.0,6.5,148.0,60,groundnut
55,47,47,30.7,69.9,6.8,155.9,61,cotton
24,34,30,24.7,80.6,5.6,180.7,75,pulses
67,34,64,26.3,78.3,6.7,146.9,67,groundnut
42,45,49,28.1,55.1,6.2,101.8,32,millet
99,48,40,23.1,89.6,6.8,227.3,75,rice
50,40,40,30.5,72.5,6.7,175.0,53,cotton
100,56,50,24.3,89.9,6.2,220.5,73,rice
68,46,65,27.8,74.3,6.3,262.7,80,sugarcane
24,33,26,23.8,87.6,5.5,219.0,72,pulses
77,55,57,28.0,83.3,6.2,226.2,84,sugarcane
54,33,30,26.9,59.6,5.6,114.1,34,barley
73,30,56,28.3,76.6,6.6,179.8,57,groundnut
72,32,63,28.4,79.6,6.9,142.2,62,groundnut
74,32,58,25.3,71.8,6.9,166.7,68,groundnut
26,25,23,22.9,86.2,5.6,233.5,77,pulses
75,37,59,27.1,78.4,6.5,169.4,70,groundnut
97,40,59,20.4,84.8,6.8,211.3,75,rice
71,42,56,25.3,83.0,6.5,206.1,78,sugarcane
45,37,31,25.5,63.5,5.5,111.1,25,barley
25,29,30,23.4,81.1,6.1,221.8,73,pulses
80,44,43,24.0,77.8,6.5,210.4,66,rice
67,43,64,25.4,88.7,6.7,296.9,77,sugarcane
68,35,56,28.5,73.1,6.9,179.1,56,groundnut
80,46,50,27.7,85.1,6.5,203.9,75,sugarcane
29,28,24,25.8,82.3,5.8,212.8,77,pulses
71,33,61,27.9,70.1,6.8,178.8,66,groundnut
67,52,59,26.4,74.1,6.3,298.2,74,sugarcane
73,43,56,27.9,86.1,6.7,218.3,75,sugarcane
58,47,50,22.1,60.4,6.7,128.8,43,wheat
79,47,51,27.5,70.8,6.4,222.2,83,sugarcane
74,44,59,28.7,74.2,6.4,212.0,71,sugarcane
98,46,44,20.2,83.4,6.5,199.7,76,rice
79,60,43,21.3,74.6,6.7,188.4,57,maize
45,40,31,25.8,56.8,5.7,103.4,29,barley
22,30,23,25.0,84.6,6.0,239.0,65,pulses
24,31,23,23.7,89.7,5.8,246.3,65,pulses
97,46,41,21.0,78.5,6.8,233.7,68,rice
52,42,41,28.1,74.7,6.3,121.8,65,cotton
75,30,55,27.2,79.5,7.0,143.3,62,groundnut
50,51,47,25.9,62.0,6.9,103.6,42,wheat
43,50,46,31.6,51.2,6.3,112.5,30,millet
99,56,58,23.6,80.7,6.6,198.5,63,rice
69,48,51,25.2,73.8,6.4,292.1,79,sugarcane
88,47,47,20.2,76.3,6.4,197.6,60,rice
67,35,55,28.0,74.2,7.0,144.7,66,groundnut
69,60,40,23.8,56.9,6.8,101.0,41,wheat
47,34,38,26.2,63.8,6.0,94.7,34,barley
53,37,40,26.6,57.0,6.2,104.8,28,barley
69,37,65,25.7,79.4,6.6,157.1,58,groundnut
49,31,38,28.6,62.1,5.8,85.3,35,barley
51,53,47,24.3,59.3,7.0,128.3,37,wheat
41,52,53,31.0,59.8,6.1,112.0,29,millet
70,49,40,26.5,68.9,6.6,128.3,39,wheat
74,31,63,26.6,76.4,6.6,160.3,67,groundnut
85,46,45,20.2,89.8,6.6,187.6,75,rice
25,28,22,23.1,84.1,5.8,180.1,74,pulses
73,52,58,26.0,85.0,6.5,255.6,71,sugarcane
84,52,43,25.2,79.3,7.0,145.8,58,maize
89,54,46,24.1,80.1,6.2,233.9,74,rice
72,40,60,27.3,86.2,6.7,218.1,81,sugarcane
54,46,45,27.7,74.5,6.3,159.4,50,cotton
20,27,20,23.0,83.2,6.2,200.6,75,pulses
84,53,56,20.9,90.0,6.7,243.1,61,rice
21,25,22,23.9,85.8,6.1,221.6,80,pulses
66,36,55,27.8,70.6,6.5,152.6,56,groundnut
29,28,26,25.4,81.1,5.8,181.1,66,pulses
73,34,55,25.2,76.0,6.8,174.8,64,groundnut
80,53,43,24.5,70.6,6.9,143.6,48,maize
92,43,48,24.9,87.5,6.4,204.4,66,rice
65,50,60,29.8,81.0,6.5,247.8,76,sugarcane
80,52,40,23.8,77.5,6.8,167.7,57,maize
81,54,41,25.1,64.3,6.8,176.3,51,maize
60,49,48,31.4,68.3,6.3,138.9,51,cotton
55,31,36,28.0,63.1,5.8,111.1,30,barley
46,38,31,30.0,60.7,6.0,114.9,31,barley
86,50,44,20.6,77.4,6.1,225.7,62,rice
87,51,42,21.7,66.5,6.8,162.7,60,maize
66,34,59,25.8,74.0,6.8,146.8,64,groundnut
82,56,53,21.8,75.6,6.0,188.3,67,rice
82,49,51,20.0,87.5,6.5,197.7,70,rice
96,60,53,21.1,89.2,6.7,203.3,73,rice
90,54,52,21.2,75.3,6.6,194.3,71,rice
37,51,45,28.1,56.1,6.2,86.3,28,millet
70,51,53,26.1,87.7,6.6,278.4,73,sugarcane
56,42,48,30.6,68.1,6.4,158.3,61,cotton
75,48,64,25.3,76.0,6.6,208.8,70,sugarcane
68,53,51,25.1,82.0,6.5,205.3,74,sugarcane
51,40,48,30.9,67.7,6.5,164.9,51,cotton
37,48,54,31.7,59.2,6.0,93.4,30,millet
23,26,23,24.7,88.3,6.2,241.6,80,pulses
82,59,39,25.1,61.3,6.6,151.9,51,maize
87,55,49,22.0,88.0,6.3,196.0,80,rice
51,35,36,26.2,63.2,5.5,107.6,26,barley
68,34,62,29.8,78.0,6.5,146.4,55,groundnut
96,46,51,21.0,75.9,6.4,233.2,73,rice
72,55,50,27.8,83.9,6.4,206.0,75,sugarcane
30,26,22,23.3,84.1,6.2,203.6,68,pulses
40,50,52,29.4,56.5,6.2,99.6,28,millet
81,60,35,23.4,60.2,6.7,126.0,57,maize
41,49,47,29.9,52.8,6.3,91.8,27,millet
65,48,45,24.4,65.0,6.7,101.4,37,wheat
72,35,60,28.1,71.2,7.0,159.9,70,groundnut
67,38,55,27.1,70.5,6.7,154.0,66,groundnut
26,31,25,25.4,83.9,5.9,216.0,77,pulses
48,38,32,29.3,57.4,5.7,98.6,33,barley
96,42,44,22.1,86.3,6.4,247.0,71,rice
60,47,45,30.6,65.5,6.4,146.3,64,cotton
36,46,53,28.1,50.6,6.4,101.1,25,millet
38,51,54,30.5,51.8,6.1,106.5,30,millet
82,43,40,21.8,81.0,6.8,189.4,70,rice
83,50,40,23.7,75.0,6.9,173.5,53,maize
51,38,30,25.5,64.6,5.7,116.6,25,barley
53,38,34,28.0,56.1,5.9,94.2,28,barley
57,46,48,31.5,71.9,6.3,131.7,59,cotton
53,40,34,29.3,57.1,5.9,116.4,26,barley
65,54,65,29.3,87.2,6.7,202.5,72,sugarcane
40,50,54,28.4,57.1,6.1,109.4,32,millet
77,43,50,29.7,79.7,6.7,252.6,82,sugarcane
44,48,48,31.3,51.2,6.1,93.1,33,millet
90,57,35,25.0,66.0,6.7,162.6,58,maize
54,33,30,29.7,59.7,6.0,99.1,26,barley
25,32,21,25.3,88.5,5.8,206.3,79,pulses
44,53,54,28.6,56.6,6.2,86.0,29,millet
49,33,33,27.8,63.6,5.7,103.9,33,barley
23,30,26,24.0,80.5,6.2,207.9,72,pulses
36,51,55,29.6,52.7,6.3,96.8,35,millet
60,46,45,28.2,71.2,6.6,162.0,64,cotton
66,53,42,24.6,61.1,6.8,110.6,43,wheat
69,54,44,26.2,59.8,6.5,138.9,43,wheat
77,53,38,23.6,62.3,6.6,141.6,60,maize
65,34,62,28.5,70.8,6.6,170.1,56,groundnut
36,49,47,30.0,59.9,6.2,109.4,33,millet
57,49,41,31.2,74.0,6.6,160.4,52,cotton
73,35,63,25.9,74.7,6.8,154.1,64,groundnut
75,46,62,29.5,79.8,6.7,279.3,81,sugarcane
73,59,41,22.2,76.2,6.6,179.4,48,maize
58,52,46,24.9,61.8,7.0,123.1,43,wheat
83,60,41,23.2,68.5,6.8,163.9,55,maize
21,34,20,25.7,81.7,5.5,194.7,75,pulses
65,43,56,28.6,82.3,6.3,279.6,71,sugarcane
21,29,24,22.2,80.0,5.7,212.9,69,pulses
69,30,60,26.7,73.2,6.9,149.3,66,groundnut
44,49,46,30.8,50.8,6.5,91.9,34,millet
55,43,41,29.8,72.6,6.4,169.6,59,cotton
72,40,50,28.0,89.9,6.8,213.7,79,sugarcane
45,34,34,26.4,55.6,5.5,107.2,34,barley
53,49,43,22.3,64.6,7.2,142.9,40,wheat
96,59,41,24.2,77.9,6.1,190.3,79,rice
81,48,44,20.4,86.9,6.1,230.7,71,rice
98,45,54,24.4,87.5,6.5,199.9,73,rice
100,56,47,23.2,83.0,6.5,182.5,78,rice
94,43,45,20.7,82.1,6.0,181.1,71,rice
70,36,60,27.6,78.0,6.6,157.2,58,groundnut
77,51,36,24.9,63.0,6.9,153.6,60,maize
51,42,44,27.3,73.4,6.8,168.7,54,cotton
69,52,65,25.4,83.4,6.4,246.4,70,sugarcane
41,52,52,29.9,58.9,6.4,94.8,35,millet
42,54,49,29.1,51.9,6.4,108.5,26,millet
64,59,43,23.5,56.5,6.6,148.9,41,wheat
45,32,30,28.9,63.5,5.9,90.6,25,barley
36,54,48,30.0,52.4,6.4,104.4,32,millet
28,33,26,24.3,82.6,5.6,192.3,76,pulses
74,30,59,27.0,73.0,7.0,141.5,62,groundnut
82,54,59,23.4,84.9,6.6,208.9,60,rice
58,51,46,27.3,68.5,6.7,100.2,38,wheat
71,49,63,27.3,87.0,6.6,243.5,76,sugarcane
70,30,55,28.8,75.3,6.7,177.1,68,groundnut
52,50,47,25.0,55.6,7.0,148.4,35,wheat
28,29,28,24.8,87.2,5.6,221.3,72,pulses
44,46,48,28.5,54.6,6.2,117.7,32,millet
96,55,48,23.7,80.4,6.8,249.2,60,rice
66,52,51,29.9,88.1,6.4,272.2,78,sugarcane
65,50,46,26.0,68.6,7.0,146.7,44,wheat
52,33,37,25.3,64.9,6.2,96.3,34,barley
74,39,65,27.8,78.6,6.5,154.5,63,groundnut
90,58,43,21.8,75.5,6.3,239.1,65,rice
29,28,21,23.9,80.9,6.0,199.1,67,pulses
70,47,64,30.0,88.0,6.8,231.4,80,sugarcane
96,50,51,21.5,78.0,6.3,183.6,66,rice
72,35,58,29.9,74.2,6.5,166.7,64,groundnut
52,30,35,29.5,62.7,5.8,88.0,28,barley
52,40,31,29.3,56.6,6.1,86.4,33,barley
36,50,46,31.9,59.0,6.3,99.6,33,millet
30,35,27,23.0,80.2,5.7,199.3,66,pulses
54,59,41,22.5,59.8,6.8,124.5,43,wheat
77,50,58,26.7,87.4,6.3,232.1,74,sugarcane
47,36,34,29.3,59.7,6.1,93.3,26,barley
57,43,45,31.0,70.4,6.6,137.3,65,cotton
54,38,34,26.7,56.0,6.1,95.8,35,barley
72,39,56,25.4,75.7,6.5,170.4,66,groundnut
41,47,46,29.6,54.3,6.3,103.1,29,millet
27,29,21,25.8,83.5,5.8,182.5,72,pulses
77,51,38,25.1,72.4,6.9,198.1,59,maize
62,46,45,24.9,68.3,6.5,136.3,37,wheat
21,35,20,25.2,83.6,5.8,236.4,73,pulses
84,54,54,20.9,79.9,6.3,213.7,77,rice
55,30,35,29.3,62.3,6.1,117.0,35,barley
54,42,44,29.4,69.2,6.5,151.2,58,cotton
58,54,40,25.9,61.2,7.0,146.0,40,wheat
55,36,38,27.7,59.0,5.8,87.4,33,barley
53,47,49,29.2,67.2,6.3,143.7,51,cotton
74,33,62,25.2,76.8,6.8,168.3,55,groundnut
92,59,56,23.9,83.1,6.8,242.7,60,rice
74,38,56,28.7,78.4,6.9,165.8,61,groundnut
66,36,59,29.4,70.9,6.8,145.4,59,groundnut
73,53,55,28.9,71.9,6.6,264.2,74,sugarcane
91,59,46,24.7,88.1,6.1,208.6,78,rice
69,45,41,23.8,65.4,6.8,147.5,35,wheat
65,33,65,27.2,79.8,6.6,179.7,55,groundnut
29,26,29,23.4,80.8,5.9,241.3,65,pulses
65,51,51,25.8,87.3,6.8,284.0,75,sugarcane
53,43,47,28.6,69.4,6.8,162.0,54,cotton
65,50,59,25.8,70.1,6.4,297.6,71,sugarcane
89,43,58,20.2,83.3,6.5,231.1,79,rice
27,29,24,25.4,89.1,6.2,192.1,73,pulses
65,40,59,28.9,79.4,6.8,295.3,77,sugarcane
74,34,59,29.7,77.1,6.7,156.4,63,groundnut
52,55,47,22.9,56.0,6.8,112.8,35,wheat
71,35,60,27.1,70.0,6.9,178.8,65,groundnut
65,59,49,24.1,61.6,6.6,112.0,35,wheat
20,34,26,24.8,86.2,6.1,188.8,74,pulses
66,51,60,28.1,79.5,6.3,293.5,77,sugarcane
65,33,55,29.3,71.9,6.9,161.6,67,groundnut
82,51,43,24.9,71.8,6.5,170.2,49,maize
56,50,42,27.4,71.7,6.6,162.3,59,cotton
46,40,40,29.7,62.2,5.6,108.3,30,barley
36,49,46,30.6,58.7,6.1,91.5,32,millet
78,60,35,23.9,64.5,6.9,161.9,46,maize
76,52,58,29.1,74.9,6.5,213.1,79,sugarcane
65,32,59,28.2,75.5,6.8,173.6,66,groundnut
70,54,39,23.3,73.9,6.6,120.4,47,maize
59,48,46,30.2,67.9,6.8,143.4,55,cotton
70,55,43,25.8,72.2,7.0,129.1,49,maize
53,41,41,31.3,67.9,6.6,146.6,57,cotton
24,34,28,24.2,89.8,5.7,201.2,69,pulses
70,46,46,26.8,57.6,6.6,129.4,36,wheat
96,50,57,20.2,83.4,6.7,186.5,62,rice
75,49,55,25.6,86.3,6.5,275.8,79,sugarcane
70,51,58,26.2,87.4,6.7,290.6,85,sugarcane
82,53,42,23.1,76.9,6.4,239.3,61,rice
45,33,33,27.8,62.8,6.1,83.7,32,barley
35,45,52,30.3,53.6,6.4,97.3,35,millet
21,34,28,23.0,85.3,6.0,219.4,75,pulses
67,53,44,22.7,64.9,6.6,135.9,40,wheat
84,51,42,21.0,75.4,6.7,242.9,60,rice
99,53,60,21.5,81.0,6.7,199.7,69,rice
54,43,44,27.5,67.4,6.3,134.1,58,cotton
49,31,31,26.9,58.5,5.7,100.4,31,barley
43,45,48,31.8,56.4,6.0,112.4,35,millet
74,53,65,28.7,84.1,6.7,234.8,77,sugarcane
94,54,55,24.2,79.8,6.5,200.5,60,rice
66,54,45,26.6,63.0,6.7,134.1,45,wheat
67,34,55,28.2,73.5,6.6,145.5,57,groundnut
63,56,45,26.2,69.5,6.9,144.2,39,wheat
65,30,61,26.9,76.0,6.9,147.9,65,groundnut
50,55,42,22.5,63.9,6.7,110.3,42,wheat
56,40,44,31.4,70.8,6.5,162.9,50,cotton
48,35,31,28.2,56.2,5.6,104.8,28,barley
28,28,27,24.3,88.2,5.5,183.9,78,pulses
85,55,42,23.8,65.9,6.8,154.2,56,maize
53,38,36,26.9,61.8,5.8,102.2,30,barley
72,57,42,23.6,75.9,6.9,130.0,52,maize
25,28,25,25.4,80.2,6.2,195.5,77,pulses
65,39,59,26.5,79.3,6.9,141.1,66,groundnut
79,54,60,29.8,70.0,6.5,205.6,83,sugarcane
45,32,37,29.4,58.5,5.9,100.6,34,barley
52,32,33,26.7,59.6,5.9,104.2,35,barley
46,40,40,25.7,57.5,6.2,94.6,35,barley
29,35,20,25.4,83.6,5.6,198.0,70,pulses
69,38,61,25.7,75.6,6.6,162.7,65,groundnut
72,40,64,25.5,74.0,6.6,168.8,64,groundnut
88,45,50,22.3,75.7,6.7,216.1,76,rice
58,50,41,24.0,66.6,6.8,137.2,40,wheat
90,54,40,24.3,82.6,6.8,240.6,76,rice
54,42,47,30.4,71.4,6.6,133.4,65,cotton
66,31,60,29.8,77.7,6.7,159.1,55,groundnut
80,50,52,27.3,79.4,6.4,259.1,75,sugarcane
89,53,40,25.4,65.8,6.7,168.9,54,maize
60,45,42,27.6,62.7,6.9,137.0,37,wheat
81,54,35,21.9,75.6,6.7,141.1,60,maize
48,31,38,26.8,62.8,6.0,103.6,32,barley
50,31,30,28.0,57.3,5.8,82.5,34,barley
47,38,33,29.6,59.5,6.2,91.2,34,barley
58,52,50,27.4,60.1,6.7,114.4,38,wheat
59,58,45,27.4,61.9,6.7,105.9,45,wheat
76,49,63,25.3,88.0,6.8,213.0,73,sugarcane
47,30,35,28.8,63.8,6.0,102.5,29,barley
44,49,45,28.1,51.2,6.0,96.8,30,millet
29,32,27,23.4,84.3,5.7,223.7,70,pulses
73,36,64,25.5,74.0,6.7,144.5,68,groundnut
28,32,25,24.7,85.7,6.1,207.4,70,pulses
51,43,48,29.5,72.6,6.7,135.6,60,cotton
80,60,42,21.6,65.1,6.7,175.4,60,maize
39,47,46,30.4,54.4,6.1,104.7,27,millet
84,56,37,24.5,63.1,6.8,178.6,51,maize
47,32,30,28.2,55.7,6.0,80.0,29,barley
83,53,39,23.2,73.9,6.6,198.9,48,maize
39,55,48,30.7,56.4,6.2,80.8,31,millet
76,48,58,27.7,86.4,6.4,249.3,85,sugarcane
91,59,51,24.3,81.5,6.4,189.9,72,rice
53,32,34,27.9,62.3,6.2,80.1,26,barley
28,31,22,23.6,85.7,5.9,228.9,76,pulses
69,36,60,29.5,71.3,7.0,162.6,60,groundnut
84,56,54,22.2,86.7,6.3,195.4,69,rice
73,53,56,26.7,88.7,6.8,263.1,70,sugarcane
84,59,41,23.1,68.4,6.9,162.2,59,maize
76,52,42,22.8,61.5,6.9,189.5,56,maize
82,55,35,21.8,61.3,6.9,171.3,60,maize
65,47,58,28.7,72.3,6.4,245.4,85,sugarcane
75,35,65,29.4,70.9,6.8,151.4,69,groundnut
42,50,48,30.3,52.0,6.0,83.3,33,millet
48,37,35,28.9,63.3,5.5,105.2,34,barley
57,56,43,25.4,56.4,7.2,112.2,44,wheat
74,34,56,28.2,75.6,6.7,177.0,57,groundnut
66,45,62,26.0,71.5,6.4,264.9,82,sugarcane
38,51,46,31.8,57.0,6.4,110.9,28,millet
71,60,45,24.6,68.8,6.6,196.5,45,maize
67,49,41,25.5,55.4,7.1,104.5,36,wheat
65,54,53,27.9,82.7,6.6,209.3,81,sugarcane
53,32,36,25.8,56.4,5.5,114.4,27,barley
68,37,64,25.2,74.1,6.8,148.2,63,groundnut
71,50,60,26.8,77.6,6.5,259.7,85,sugarcane
82,54,35,21.3,73.1,6.5,138.5,53,maize
47,39,32,26.0,59.0,5.5,115.4,34,barley
71,30,60,26.8,77.1,6.9,156.7,68,groundnut
75,52,39,22.9,70.4,6.7,169.6,48,maize
40,54,53,30.5,57.8,6.3,106.3,33,millet
88,52,44,25.9,61.2,6.8,175.8,60,maize
75,60,36,21.5,69.1,6.8,143.0,51,maize
93,40,60,22.8,87.6,6.3,206.9,72,rice
71,48,58,28.5,80.8,6.6,263.2,83,sugarcane
65,38,63,28.7,79.2,6.6,157.6,59,groundnut
44,49,46,28.0,58.6,6.3,119.1,30,millet
53,46,45,30.2,73.0,6.7,159.2,54,cotton
23,26,25,22.4,88.8,6.1,215.0,74,pulses
86,59,35,25.0,77.1,6.6,136.5,58,maize
52,39,36,29.6,61.9,6.2,93.9,34,barley
20,31,29,24.6,89.9,6.1,239.5,75,pulses
95,51,51,22.1,83.7,6.6,187.2,78,rice
55,57,45,24.8,67.4,6.8,143.5,37,wheat
74,54,56,25.5,80.4,6.7,267.5,77,sugarcane
80,54,37,21.6,74.4,6.6,171.5,48,maize
75,36,55,28.5,79.7,6.6,145.0,62,groundnut
55,48,50,27.4,69.7,6.2,174.9,58,cotton
61,47,45,25.8,62.8,7.1,137.5,35,wheat
82,55,36,24.1,72.6,6.5,147.0,52,maize
48,31,36,29.7,61.1,5.6,90.7,26,barley
23,26,30,22.7,89.2,5.6,212.8,72,pulses
70,31,61,25.9,77.3,6.7,176.2,57,groundnut
98,60,53,21.3,81.7,6.4,222.7,73,rice
70,32,55,25.7,79.6,6.9,158.5,67,groundnut
69,40,59,27.2,73.3,6.4,212.9,80,sugarcane
36,55,52,28.2,53.1,6.3,114.6,32,millet
97,52,56,21.2,88.0,6.0,220.0,69,rice
96,49,56,20.4,83.0,6.5,207.2,67,rice
77,40,55,28.7,85.4,6.7,236.1,79,sugarcane
38,52,52,30.8,53.4,6.4,119.1,33,millet
61,47,49,27.1,68.9,6.8,120.2,35,wheat
54,50,45,25.6,58.9,7.2,101.6,40,wheat
52,39,34,28.9,56.7,6.1,93.9,28,barley
25,27,29,23.3,85.5,6.0,228.5,74,pulses
57,47,43,29.3,74.8,6.3,126.0,65,cotton
92,56,56,20.8,88.2,6.4,206.1,60,rice
65,49,57,28.8,80.6,6.3,230.6,84,sugarcane
20,26,24,25.4,82.2,6.1,218.3,65,pulses
74,53,37,24.4,62.0,6.7,178.7,45,maize
67,40,53,26.6,88.7,6.7,275.4,84,sugarcane
71,41,58,26.6,75.0,6.6,276.0,72,sugarcane
86,53,57,22.5,89.2,6.4,204.8,71,rice
55,31,31,27.0,61.9,6.1,89.7,33,barley
57,56,44,26.7,67.2,6.6,111.2,35,wheat
73,45,53,28.1,82.1,6.9,286.4,74,sugarcane
84,51,38,24.5,76.2,6.9,171.2,50,maize
91,56,50,24.6,76.4,6.5,223.9,78,rice
87,58,42,24.0,61.6,6.7,169.6,49,maize
76,49,63,27.0,79.8,6.8,240.1,83,sugarcane
82,50,40,22.4,71.3,6.7,188.7,54,maize
74,43,63,26.8,88.8,6.4,245.2,72,sugarcane
51,52,47,24.4,68.0,7.1,100.1,42,wheat
73,35,60,28.9,78.2,6.6,171.2,66,groundnut
86,51,36,24.2,63.8,6.7,192.8,57,maize
86,60,41,22.9,61.7,6.7,135.2,46,maize
66,52,64,26.4,76.9,6.3,260.2,74,sugarcane
82,52,55,20.1,77.6,6.7,183.6,62,rice
26,28,27,23.6,85.2,5.5,234.8,69,pulses
45,54,51,29.8,58.0,6.1,119.9,29,millet
69,40,64,26.6,72.3,6.6,145.8,55,groundnut
52,32,38,27.7,61.4,5.6,119.5,30,barley
45,46,54,31.5,57.8,6.3,118.0,27,millet
81,45,45,20.5,81.2,6.8,184.4,69,rice
56,49,50,28.8,74.4,6.7,162.3,62,cotton
47,31,32,29.9,60.1,6.0,81.0,30,barley
90,55,44,21.3,65.5,6.8,188.0,46,maize
49,35,40,25.3,59.9,6.1,112.9,30,barley
24,30,25,23.4,83.1,5.6,193.5,72,pulses
45,34,30,26.6,56.5,5.6,119.0,32,barley
39,50,53,30.9,53.5,6.1,100.1,29,millet
66,54,50,23.3,59.9,6.8,139.3,38,wheat
45,31,40,28.2,63.4,5.9,117.8,29,barley
40,45,46,31.9,50.4,6.3,81.1,28,millet
37,55,53,29.0,50.5,6.0,91.9,27,millet
71,51,57,28.3,72.7,6.8,254.6,77,sugarcane
87,56,43,23.2,89.6,6.7,235.9,60,rice
51,45,42,26.1,65.2,6.7,131.6,42,wheat
66,59,43,27.2,65.5,7.0,110.0,42,wheat
72,39,64,26.9,79.9,6.9,160.8,61,groundnut
54,49,48,30.9,74.3,6.4,152.3,59,cotton
76,50,58,30.0,76.7,6.2,257.5,83,sugarcane
55,48,45,29.2,71.1,6.6,157.2,59,cotton
29,25,30,25.6,85.3,6.2,238.8,76,pulses
85,55,46,21.1,85.3,6.5,239.9,73,rice
42,53,46,29.7,54.2,6.3,95.4,27,millet
41,46,46,28.7,56.2,6.4,98.3,30,millet
74,41,59,26.0,83.7,6.7,264.6,79,sugarcane
57,42,49,28.5,65.9,6.8,143.7,52,cotton
48,36,38,29.6,62.1,5.6,119.6,35,barley
74,59,41,21.2,78.8,6.7,132.5,46,maize
54,38,36,25.2,55.5,6.1,97.3,34,barley
98,51,55,23.2,84.3,6.6,238.6,67,rice
54,40,35,29.7,63.6,5.8,86.8,30,barley
77,59,39,22.4,67.1,7.0,161.6,60,maize
36,52,47,31.5,53.6,6.4,113.7,35,millet
38,47,49,29.2,53.4,6.3,95.0,32,millet
93,53,58,22.7,88.5,6.1,203.2,64,rice
73,52,59,27.8,79.0,6.6,208.8,80,sugarcane
76,57,37,23.1,64.2,6.7,164.6,52,maize
40,45,55,31.0,54.0,6.2,83.4,26,millet
59,49,43,29.9,66.6,6.3,136.1,65,cotton
74,40,63,27.3,77.4,6.8,173.6,64,groundnut
77,55,55,26.0,76.3,6.7,224.7,84,sugarcane
20,30,26,23.3,86.0,5.6,215.7,65,pulses
58,45,43,30.0,65.2,6.6,154.3,64,cotton
46,37,30,28.6,61.1,6.1,98.3,32,barley
99,59,53,20.8,87.7,6.4,215.9,73,rice
87,59,37,25.6,65.2,6.6,136.4,53,maize
66,47,40,22.1,68.6,6.9,140.9,40,wheat
85,50,44,25.9,63.5,6.9,141.1,55,maize
59,60,40,22.5,64.1,7.2,133.8,36,wheat
58,48,49,28.1,69.5,6.5,152.1,60,cotton
69,35,63,26.4,77.5,6.5,152.6,66,groundnut
54,41,49,28.3,69.9,6.3,166.8,51,cotton
72,30,58,29.6,76.4,6.5,178.4,55,groundnut
72,50,57,29.5,89.4,6.7,214.2,71,sugarcane
72,30,63,25.2,76.6,6.6,146.4,67,groundnut
67,48,46,25.5,63.4,7.1,116.1,44,wheat
80,45,64,29.0,76.4,6.8,257.4,70,sugarcane
53,37,36,26.8,55.9,5.7,82.1,28,barley
70,36,61,29.3,78.3,6.7,154.9,60,groundnut
68,38,55,28.2,75.5,6.9,178.4,70,groundnut
75,35,56,26.9,79.9,7.0,144.3,67,groundnut
24,35,24,22.1,85.6,6.1,207.4,71,pulses
61,45,45,25.6,62.4,6.7,105.7,42,wheat
53,41,41,27.8,67.3,6.6,120.6,55,cotton
79,50,51,28.1,75.5,6.5,230.5,83,sugarcane
43,47,52,30.9,56.3,6.3,109.7,25,millet
72,49,54,29.4,79.9,6.9,258.7,78,sugarcane
52,42,49,31.7,67.0,6.4,168.4,55,cotton
45,39,35,26.9,60.4,6.0,92.1,27,barley
59,54,43,24.5,56.6,6.6,104.9,36,wheat
50,36,39,25.8,64.3,5.7,109.6,27,barley
52,35,40,29.9,60.5,5.8,119.0,26,barley
55,31,36,28.0,60.5,6.0,98.7,30,barley
86,55,59,21.7,84.8,6.2,215.0,63,rice
75,50,65,26.6,73.2,6.8,256.3,85,sugarcane
59,45,47,27.2,69.7,6.2,168.5,56,cotton
70,50,43,22.4,64.4,6.8,140.7,40,wheat
76,52,56,26.6,73.5,6.5,262.4,83,sugarcane
48,33,37,27.0,57.2,6.0,101.0,30,barley
51,47,46,26.9,60.6,6.5,145.5,42,wheat
29,25,26,25.8,88.9,5.9,235.0,67,pulses
57,50,50,31.0,66.6,6.8,142.2,60,cotton
50,40,44,28.4,72.3,6.2,168.8,60,cotton
82,51,41,25.1,70.4,6.7,163.3,45,maize
55,38,35,28.6,60.6,6.0,112.3,34,barley
89,57,49,21.4,75.5,6.3,189.2,79,rice
58,50,43,24.3,65.5,6.8,126.5,38,wheat
37,53,51,30.5,54.3,6.5,111.2,27,millet
39,45,46,29.5,52.6,6.4,109.3,26,millet
41,45,47,29.9,52.2,6.5,107.9,26,millet
50,35,40,28.1,59.7,5.8,96.7,31,barley
93,53,46,23.8,77.8,6.4,209.6,74,rice
74,38,56,25.0,79.1,6.6,144.5,65,groundnut
54,40,40,27.9,63.1,5.9,96.3,34,barley
41,50,50,30.4,53.5,6.4,87.8,33,millet
75,58,44,21.9,78.5,7.0,161.6,46,maize
77,46,57,26.9,80.8,6.7,298.9,77,sugarcane
52,59,45,26.6,68.6,7.0,109.5,40,wheat
27,31,29,22.7,84.7,5.8,220.5,80,pulses
23,25,26,23.9,83.3,5.5,244.7,73,pulses
38,54,49,30.9,52.9,6.5,99.2,35,millet
80,60,35,25.2,66.9,6.8,177.7,58,maize
100,42,42,23.5,85.2,6.5,219.4,62,rice
73,37,61,28.7,78.1,6.8,159.6,68,groundnut
70,40,64,27.4,79.2,6.9,164.5,66,groundnut
36,53,49,31.6,52.3,6.1,96.1,28,millet
51,32,31,25.7,57.0,5.6,93.7,32,barley
65,46,48,24.2,68.2,6.5,117.2,36,wheat
54,47,47,30.7,72.7,6.8,120.5,61,cotton
53,44,42,27.3,68.9,6.5,173.9,55,cotton
52,49,46,30.2,70.2,6.4,147.6,62,cotton
63,60,47,26.5,68.2,6.5,135.9,44,wheat
55,41,43,30.4,66.3,6.2,178.9,63,cotton
75,36,63,27.4,77.8,6.6,180.0,57,groundnut
29,33,21,24.2,80.5,5.7,207.4,73,pulses
98,52,55,21.8,75.5,6.1,216.1,73,rice
86,57,46,23.8,75.4,6.6,186.3,60,rice
67,33,64,29.1,74.0,6.8,142.2,63,groundnut
70,31,64,26.7,74.0,6.9,140.7,55,groundnut
80,50,58,24.2,89.0,6.2,239.2,79,rice
52,44,41,28.2,74.4,6.4,128.2,64,cotton
69,54,41,23.0,56.2,7.0,147.9,39,wheat
51,57,40,25.6,62.9,6.5,142.1,42,wheat
68,52,54,29.1,77.5,6.6,253.9,73,sugarcane
50,50,48,31.4,66.9,6.4,156.3,52,cotton
54,33,30,26.2,59.8,6.0,96.1,27,barley
46,30,33,30.0,61.9,5.6,87.3,27,barley
54,41,49,30.2,70.3,6.8,138.5,53,cotton
88,57,45,24.2,61.3,6.8,161.7,50,maize
70,54,42,23.2,61.4,7.0,138.9,45,wheat
53,55,48,26.3,64.9,7.0,129.1,36,wheat
92,46,44,24.8,82.8,6.3,194.6,71,rice
37,49,54,29.2,59.9,6.4,104.3,35,millet
53,41,46,31.4,65.6,6.5,126.2,51,cotton
67,56,43,23.3,58.3,6.6,122.4,35,wheat
55,48,44,32.0,65.5,6.6,174.9,59,cotton
86,59,40,24.9,67.7,7.0,129.6,53,maize
65,49,58,25.1,82.1,6.2,224.0,73,sugarcane
60,41,41,29.1,72.7,6.7,158.7,65,cotton
78,55,42,22.7,60.9,6.8,199.3,49,maize
65,52,63,27.0,70.1,6.2,249.6,73,sugarcane
65,36,60,29.6,76.1,6.8,154.0,61,groundnut
98,48,46,22.8,90.0,6.3,208.1,67,rice
73,45,63,29.6,89.2,6.6,218.5,72,sugarcane
88,52,40,25.0,61.6,6.6,186.6,47,maize
25,33,26,24.2,87.8,5.6,210.0,80,pulses
87,57,56,20.4,82.0,6.2,226.1,61,rice
67,40,57,26.4,74.9,6.8,164.3,55,groundnut
72,53,41,25.8,69.2,6.6,125.8,45,maize
45,55,48,30.9,59.9,6.3,95.9,31,millet
30,27,22,25.0,81.7,6.0,208.8,80,pulses
37,50,48,29.7,50.6,6.5,111.2,26,millet
89,53,43,24.3,88.0,6.4,243.1,64,rice
53,43,43,29.4,73.7,6.8,166.5,56,cotton
46,32,36,25.6,55.4,6.1,118.5,33,barley
68,32,61,28.2,71.9,7.0,170.1,57,groundnut
44,50,47,31.4,59.1,6.4,92.8,35,millet
77,58,42,23.3,68.4,6.6,183.2,55,maize
47,40,34,25.9,57.2,5.9,99.1,34,barley
39,53,49,28.2,56.7,6.3,107.9,27,millet
82,43,50,21.2,86.5,6.3,204.5,73,rice
89,60,40,22.4,75.2,6.9,166.8,54,maize
94,53,49,21.1,77.1,6.5,207.4,80,rice
42,53,52,28.9,55.9,6.2,96.7,31,millet
26,33,23,24.6,86.4,5.6,217.1,71,pulses
73,52,44,23.9,64.8,6.8,153.8,48,maize
89,55,42,23.6,89.4,6.5,195.3,60,rice
42,50,51,29.5,52.8,6.1,88.2,30,millet
87,51,39,25.1,69.7,6.7,177.3,54,maize
96,59,44,20.2,86.1,6.0,190.6,62,rice
53,40,35,28.0,60.7,5.9,105.0,31,barley
71,56,36,22.0,77.6,6.8,138.2,51,maize
45,47,48,28.1,54.3,6.5,86.4,25,millet
51,49,49,31.4,71.3,6.6,139.1,50,cotton
66,60,45,27.6,55.3,7.1,142.2,39,wheat
77,56,45,22.8,69.1,6.8,180.9,57,maize
75,40,55,28.1,76.2,6.7,146.6,59,groundnut
22,34,22,25.8,83.8,5.6,240.7,73,pulses
45,30,33,27.4,63.3,5.6,93.5,29,barley
56,46,50,24.3,63.9,6.6,112.7,45,wheat
35,51,48,28.7,55.9,6.4,103.0,30,millet
57,46,40,29.7,73.4,6.4,164.4,64,cotton
54,35,40,27.5,59.8,5.6,85.2,25,barley
22,26,28,23.1,81.2,5.8,248.8,66,pulses
50,50,42,29.5,69.1,6.3,133.2,62,cotton
69,45,52,27.7,82.9,6.8,212.2,82,sugarcane
43,47,48,30.1,58.9,6.3,100.3,32,millet
82,57,41,22.3,80.2,6.7,246.8,77,rice
26,32,22,22.9,87.7,5.8,228.4,72,pulses
82,60,50,20.8,83.9,6.3,198.2,78,rice
51,41,45,27.5,69.5,6.5,172.0,55,cotton
54,46,50,28.1,68.1,6.6,172.9,50,cotton
57,41,45,28.9,71.7,6.7,167.7,53,cotton
77,40,65,27.6,87.8,6.5,258.8,72,sugarcane
47,37,30,25.9,63.2,5.7,99.6,29,barley
97,54,52,23.4,77.2,6.3,205.5,69,rice
68,40,65,26.5,77.4,6.6,140.2,68,groundnut
59,51,46,27.5,67.4,6.7,127.1,43,wheat
46,34,30,28.9,56.9,6.1,82.0,35,barley
38,53,55,29.1,58.2,6.4,84.3,30,millet
77,49,63,27.3,75.3,6.2,202.4,70,sugarcane
23,35,23,25.1,86.1,6.1,232.5,78,pulses
38,45,49,30.5,51.6,6.4,100.2,29,millet
80,54,42,24.3,84.2,6.5,241.1,60,rice
39,49,51,29.5,50.9,6.4,119.8,26,millet
51,31,30,26.1,59.5,5.8,114.6,26,barley
66,60,43,23.2,61.9,7.2,105.7,41,wheat
50,45,47,28.0,65.2,6.6,154.6,62,cotton
46,32,30,29.8,55.3,6.0,80.0,34,barley
71,31,60,26.1,74.6,6.7,160.4,68,groundnut
71,42,64,27.5,74.6,6.6,282.5,84,sugarcane
38,50,53,28.3,50.5,6.3,95.8,29,millet
57,54,40,24.9,62.0,6.9,135.3,42,wheat
22,35,28,22.6,81.1,6.1,196.4,69,pulses
26,31,28,23.2,86.3,5.9,192.6,76,pulses
46,33,35,27.4,57.3,5.5,116.1,33,barley
74,41,51,27.4,72.4,6.6,252.5,79,sugarcane
56,49,50,24.4,67.5,7.1,148.1,38,wheat
91,40,43,20.1,85.1,6.0,196.3,79,rice
47,35,31,27.1,60.6,5.6,93.5,33,barley
78,55,35,25.3,71.4,6.6,171.1,48,maize
68,59,40,25.9,56.2,7.2,122.9,41,wheat
44,48,55,31.2,59.1,6.2,84.2,32,millet
29,25,21,24.0,82.3,5.9,221.9,79,pulses
78,45,61,28.4,79.6,6.9,292.1,78,sugarcane
37,51,53,30.3,58.7,6.0,93.7,25,millet
83,60,44,25.6,68.0,6.8,168.7,45,maize
26,26,23,25.5,83.5,5.8,217.8,66,pulses
50,37,40,25.7,63.4,5.7,95.7,25,barley
57,41,41,31.9,70.6,6.2,143.8,59,cotton
100,51,53,24.4,82.7,6.3,190.2,76,rice
65,44,53,25.6,84.5,6.7,250.7,70,sugarcane
99,57,53,22.5,86.1,6.6,202.3,65,rice
70,54,50,26.6,77.8,6.7,299.0,73,sugarcane
41,54,50,31.3,58.8,6.3,91.8,30,millet
70,50,49,22.3,68.8,7.1,149.0,43,wheat
80,51,42,25.6,72.0,6.8,146.2,55,maize
80,44,53,29.5,76.7,6.3,216.0,83,sugarcane
99,47,48,23.7,87.4,6.1,242.9,72,rice
60,42,42,31.4,73.1,6.7,144.2,64,cotton
84,57,59,23.9,82.5,6.3,219.7,62,rice
37,47,45,28.2,56.5,6.2,84.3,26,millet
42,55,52,31.7,52.7,6.4,114.4,31,millet
62,58,50,24.6,61.3,6.9,137.5,43,wheat
28,26,25,24.6,86.5,5.8,233.5,73,pulses
59,50,50,26.2,68.8,6.8,112.1,43,wheat
80,51,61,26.7,71.1,6.6,231.8,78,sugarcane
37,54,48,31.9,58.2,6.4,92.4,25,millet
78,52,35,25.3,60.5,6.9,153.3,56,maize
23,26,28,24.0,82.6,5.9,187.5,79,pulses
78,55,54,25.6,88.9,6.3,261.0,80,sugarcane
88,60,57,25.0,76.2,6.8,181.1,79,rice
62,48,50,27.0,65.6,6.9,118.3,36,wheat
55,58,41,26.2,57.3,6.7,123.9,39,wheat
79,53,41,24.1,66.0,6.8,150.0,58,maize
80,60,45,25.0,68.7,6.6,125.2,48,maize
24,29,28,23.8,82.5,5.5,216.5,76,pulses
90,53,51,20.7,77.8,6.3,211.9,63,rice
24,25,26,24.0,89.3,5.9,182.3,70,pulses
66,59,50,26.1,59.1,7.1,107.2,36,wheat
54,34,37,26.0,63.5,5.8,85.0,35,barley
81,57,45,20.5,77.5,6.3,199.4,66,rice
73,59,41,24.4,66.3,6.8,176.4,46,maize
67,39,60,25.2,77.7,6.6,153.7,56,groundnut
65,59,42,26.1,55.0,6.7,110.0,37,wheat
88,44,52,24.3,76.0,6.4,204.8,64,rice
67,40,63,27.8,71.1,6.8,169.9,58,groundnut
72,32,61,26.0,78.3,6.9,175.6,61,groundnut
73,40,56,28.7,73.7,6.6,173.6,63,groundnut
37,52,54,29.3,56.4,6.3,107.4,29,millet
91,51,52,24.1,81.7,6.2,235.8,64,rice
41,48,46,30.4,55.3,6.2,94.7,27,millet
53,49,40,26.0,67.3,6.9,146.2,38,wheat
52,30,39,27.7,60.1,5.7,81.5,26,barley
81,58,41,20.1,76.3,6.6,183.7,60,rice
74,54,43,21.5,77.3,6.8,157.2,47,maize
75,36,62,28.3,79.1,6.9,156.1,68,groundnut
22,34,20,24.6,84.8,6.2,208.2,77,pulses
74,52,55,25.9,81.0,6.8,265.7,79,sugarcane
95,60,51,21.6,79.7,6.4,242.1,76,rice
39,55,51,28.5,53.3,6.2,105.9,27,millet
87,45,46,22.1,82.5,6.4,241.0,78,rice
26,27,29,25.1,88.8,5.5,192.6,77,pulses
22,33,30,25.1,86.6,5.8,212.6,67,pulses
45,35,38,25.3,60.1,5.9,90.6,34,barley
65,34,57,29.4,78.0,6.6,161.7,56,groundnut
55,37,32,27.9,58.8,5.6,104.2,35,barley
77,54,45,25.4,76.1,6.6,145.8,58,maize
53,33,32,29.2,59.3,6.0,103.1,31,barley
80,53,64,30.0,79.2,6.7,256.9,71,sugarcane
51,52,50,25.2,69.5,7.1,109.4,41,wheat
68,38,63,28.7,79.7,6.8,144.5,63,groundnut
71,49,65,26.3,73.2,6.7,291.9,83,sugarcane
53,44,45,27.8,68.0,6.4,178.0,55,cotton
71,30,63,25.2,77.0,6.9,155.7,55,groundnut
44,51,46,28.2,56.7,6.1,83.1,25,millet
36,45,48,30.1,51.2,6.4,102.5,34,millet
58,43,46,27.6,66.0,6.4,149.8,51,cotton
28,31,30,24.8,82.1,5.8,199.5,72,pulses
84,45,58,23.7,75.7,6.6,182.2,66,rice
51,50,49,31.6,65.2,6.5,127.5,59,cotton
69,30,59,28.5,70.8,6.8,148.3,62,groundnut
38,51,45,28.0,53.2,6.1,82.9,26,millet
66,48,55,29.3,87.9,6.7,237.5,71,sugarcane
48,36,35,27.9,57.9,5.6,87.9,27,barley
35,47,46,29.1,57.0,6.4,118.0,33,millet
68,52,51,26.8,84.4,6.9,252.8,79,sugarcane
75,35,63,25.4,71.2,6.5,162.0,65,groundnut
70,59,35,23.4,70.0,6.9,188.4,59,maize
87,56,45,22.7,79.8,6.8,173.1,59,maize
28,27,30,25.0,87.9,5.6,245.8,66,pulses
68,31,61,26.0,73.8,6.7,155.7,62,groundnut
48,30,32,29.1,63.8,6.1,118.9,26,barley
26,29,29,25.8,88.5,5.8,185.0,66,pulses
55,53,49,26.0,61.0,7.1,123.8,43,wheat
50,60,50,26.7,55.1,6.9,131.0,43,wheat
57,49,44,27.7,72.7,6.5,165.9,63,cotton
89,48,55,20.3,79.7,6.4,207.3,74,rice
29,25,20,25.0,82.5,6.2,191.3,73,pulses
60,47,49,30.1,65.0,6.3,126.9,65,cotton
74,37,57,27.2,79.0,6.9,150.7,69,groundnut
54,32,34,25.4,61.0,5.8,95.6,30,barley
90,57,44,21.3,73.6,6.8,165.3,51,maize
74,59,36,21.7,66.2,6.7,161.1,48,maize
70,40,62,28.5,73.3,6.9,140.8,58,groundnut
54,33,34,27.2,57.2,6.0,97.0,25,barley
29,26,20,25.5,84.0,5.6,243.6,73,pulses
72,50,39,25.9,76.9,6.8,137.3,59,maize
52,48,42,29.9,73.6,6.4,149.6,60,cotton
41,54,47,28.8,58.4,6.4,90.2,34,millet
74,40,63,28.0,73.7,6.5,142.1,68,groundnut
51,32,34,29.2,58.1,6.0,87.5,28,barley
50,36,30,28.0,58.9,5.7,116.4,31,barley
70,39,65,28.1,71.1,6.5,150.3,57,groundnut
25,34,20,24.3,81.6,5.5,216.2,70,pulses
72,31,63,29.1,75.7,6.9,178.3,70,groundnut
63,49,43,24.0,66.1,6.8,135.3,36,wheat
56,56,41,24.2,57.1,6.6,148.8,35,wheat
71,56,39,23.3,75.0,6.5,142.2,60,maize
85,50,44,22.1,60.9,7.0,166.8,50,maize
65,49,63,28.0,76.5,6.8,234.4,77,sugarcane
66,49,63,29.8,71.2,6.3,254.5,73,sugarcane
98,54,59,21.1,83.0,6.5,224.5,71,rice
88,41,49,22.4,77.8,6.2,189.3,67,rice
52,45,43,29.4,69.3,6.2,145.8,63,cotton
67,36,63,25.6,71.8,6.8,151.4,64,groundnut
38,46,46,30.7,54.9,6.5,115.4,32,millet
99,60,49,22.0,76.3,6.4,196.0,80,rice
54,55,41,27.0,69.7,6.9,125.5,40,wheat
66,41,57,29.0,74.7,6.5,285.6,79,sugarcane
25,35,21,23.1,89.6,5.5,236.6,73,pulses
22,29,22,24.6,88.4,5.8,227.4,73,pulses
39,49,47,28.0,59.2,6.4,110.9,35,millet
52,45,43,23.8,68.1,7.2,143.1,43,wheat
84,56,42,24.5,72.5,6.5,143.4,58,maize
65,51,50,27.1,72.2,6.3,218.4,71,sugarcane
52,41,46,27.9,70.5,6.8,150.6,54,cotton
51,32,35,29.9,59.5,6.1,80.8,34,barley
50,41,44,30.8,69.2,6.4,148.2,54,cotton
35,51,46,30.2,60.0,6.4,96.1,34,millet
63,57,40,25.7,58.2,6.9,100.4,37,wheat
55,44,46,28.6,67.6,6.5,154.7,62,cotton
65,55,48,25.5,63.0,6.6,149.4,44,wheat
79,49,51,27.3,89.6,6.3,218.6,82,sugarcane
74,37,63,26.7,71.7,6.9,158.5,66,groundnut
68,55,61,25.5,85.8,6.6,298.6,79,sugarcane
53,36,36,26.9,57.0,6.0,96.9,29,barley
95,59,50,20.6,89.4,6.6,204.9,78,rice
21,31,30,25.4,87.1,6.0,223.1,67,pulses
87,42,56,21.9,81.9,6.3,205.2,74,rice
39,50,53,30.2,58.7,6.4,88.4,26,millet
74,31,56,25.9,77.1,6.6,165.3,67,groundnut
65,52,45,27.0,69.9,6.7,106.6,40,wheat
67,34,62,25.3,73.2,6.9,171.2,61,groundnut
98,49,55,22.5,84.5,6.0,185.7,76,rice
62,47,48,25.5,62.7,6.9,125.7,35,wheat
70,52,48,23.7,65.9,6.6,115.0,37,wheat
62,57,48,24.2,69.3,6.7,145.0,35,wheat
87,40,47,24.2,75.4,6.6,181.8,77,rice
41,54,49,30.2,50.9,6.1,98.9,27,millet
56,44,46,27.8,69.8,6.6,126.3,53,cotton
77,52,38,25.5,60.7,6.5,167.4,52,maize
68,39,56,30.0,77.2,6.8,165.2,56,groundnut
79,55,44,21.5,72.0,6.6,184.1,59,maize
76,45,53,26.1,83.2,6.3,218.2,77,sugarcane
20,27,28,24.6,89.9,5.8,186.8,66,pulses
87,59,40,21.3,60.2,6.6,177.1,49,maize
51,58,41,27.7,68.6,7.0,138.4,37,wheat
49,31,39,29.9,61.9,5.7,116.8,31,barley
75,41,50,28.9,72.7,6.6,207.7,75,sugarcane
35,55,47,29.4,56.2,6.3,92.0,30,millet
100,59,43,22.5,78.8,6.3,219.7,80,rice
75,33,58,25.2,71.9,6.5,159.5,63,groundnut
45,49,46,30.0,59.4,6.5,88.3,25,millet
83,60,39,22.0,69.3,6.6,133.2,57,maize
66,45,52,26.7,76.3,6.5,237.9,76,sugarcane
53,42,42,27.5,71.4,6.7,169.7,57,cotton
65,60,40,27.1,66.7,7.0,101.7,44,wheat
27,34,21,24.6,82.5,5.6,197.5,76,pulses
94,51,56,23.7,79.1,6.5,236.4,73,rice
79,45,60,28.9,82.1,6.3,285.3,75,sugarcane
83,56,41,21.2,64.2,6.8,169.3,60,maize
70,38,63,30.0,73.8,7.0,161.6,60,groundnut
21,32,25,22.8,88.1,5.7,240.0,72,pulses
68,38,62,28.9,70.9,6.9,166.5,61,groundnut
59,49,48,28.2,71.5,6.4,177.6,64,cotton
66,30,57,27.0,77.9,6.5,141.0,61,groundnut
88,57,38,24.9,73.2,6.6,170.8,57,maize
44,55,52,30.4,58.2,6.4,84.1,26,millet
74,34,62,27.8,79.4,6.6,159.2,65,groundnut
67,31,61,28.2,73.5,6.5,173.3,59,groundnut
23,35,28,25.4,80.5,5.8,214.5,70,pulses
46,34,38,26.3,57.3,5.7,108.2,30,barley
81,40,46,24.1,76.8,6.3,224.4,64,rice
45,39,39,27.3,61.9,5.7,108.9,30,barley
58,41,42,27.7,72.7,6.5,148.2,50,cotton
94,56,56,24.9,75.4,6.1,194.8,80,rice
80,50,53,26.6,85.5,6.5,242.5,76,sugarcane
67,52,60,28.4,71.5,6.5,235.9,75,sugarcane
40,48,49,29.0,55.5,6.5,81.3,27,millet
62,49,48,24.3,63.4,6.9,120.3,36,wheat
57,42,40,29.5,74.9,6.5,175.0,63,cotton
87,50,47,21.7,80.4,6.6,244.6,64,rice
36,46,50,30.2,58.2,6.0,116.8,25,millet
38,48,51,31.2,50.3,6.4,91.0,32,millet
46,33,38,27.2,58.1,5.6,92.5,25,barley
68,46,42,25.5,63.0,6.7,131.2,36,wheat
74,37,59,29.7,78.7,6.7,151.4,57,groundnut
70,34,62,28.9,77.9,6.6,169.7,62,groundnut
65,40,56,26.1,81.0,6.6,228.8,84,sugarcane
74,58,37,25.9,63.7,6.9,155.2,47,maize
68,55,42,24.0,56.1,6.8,142.1,38,wheat
57,48,50,29.3,65.6,6.5,153.1,58,cotton
25,31,20,24.7,81.3,5.5,200.3,69,pulses
66,35,63,29.4,73.8,6.9,156.7,58,groundnut
51,32,39,29.9,57.2,5.5,109.2,32,barley
83,47,48,21.1,80.2,6.3,227.1,79,rice
70,58,40,25.4,58.8,7.1,100.7,36,wheat
52,53,49,22.1,69.3,7.1,106.5,43,wheat
71,55,53,28.4,81.2,6.6,203.2,85,sugarcane
39,47,53,30.2,58.2,6.3,82.6,34,millet
29,31,23,22.0,81.9,5.9,197.4,75,pulses
68,54,53,26.1,88.7,6.3,259.4,75,sugarcane
68,54,48,26.7,69.5,6.6,149.5,35,wheat
67,51,43,22.6,66.7,6.7,139.4,45,wheat
30,32,27,25.8,85.9,5.5,224.6,71,pulses
69,45,60,27.4,87.2,6.7,269.7,84,sugarcane
49,40,38,25.9,61.3,5.9,102.9,29,barley
92,58,53,22.8,86.1,6.7,206.0,66,rice
73,58,39,23.0,76.5,7.0,175.9,49,maize
24,27,30,22.3,88.7,5.8,190.1,75,pulses
58,46,42,31.3,71.1,6.7,171.3,55,cotton
28,33,28,24.8,89.6,6.1,206.7,67,pulses
95,42,55,22.0,77.9,6.2,244.4,60,rice
55,43,42,29.1,72.8,6.3,168.7,55,cotton
57,48,44,29.1,71.9,6.3,169.8,65,cotton
75,59,42,25.0,79.7,6.5,174.2,51,maize
71,58,42,21.4,76.0,6.9,166.0,59,maize
41,53,55,28.6,52.9,6.2,92.8,30,millet
65,57,41,24.4,55.4,6.8,125.6,37,wheat
65,45,61,27.3,82.3,6.2,263.8,85,sugarcane
52,31,32,28.1,55.7,5.6,102.7,31,barley
45,50,48,31.0,51.6,6.1,92.8,30,millet
49,40,36,26.0,63.7,5.7,84.5,29,barley
83,41,51,24.5,84.9,6.3,204.6,74,rice
59,59,44,22.5,64.5,7.0,148.5,45,wheat
54,42,41,27.3,65.0,6.3,153.4,56,cotton
87,60,38,23.5,76.8,6.9,166.5,46,maize
22,28,28,23.0,84.0,5.7,248.0,68,pulses
27,33,26,23.2,80.1,5.8,195.6,68,pulses
44,54,47,29.1,51.4,6.1,117.8,28,millet
44,49,51,30.1,50.7,6.5,118.4,33,millet
75,51,35,22.5,61.0,6.7,181.3,58,maize
50,47,45,31.6,69.2,6.2,123.9,56,cotton
75,45,61,28.7,72.1,6.4,276.4,71,sugarcane
60,45,50,30.7,67.7,6.3,177.4,63,cotton
94,53,56,24.5,87.7,6.7,196.9,60,rice
